Acceleration,Marking,Strength,SlidingTackle,StandingTackle,Dribbling,Stamina,Agility,Volleys,Jumping,ShortPassing,SprintSpeed,Positioning,ShotPower,Curve,BallControl,Crossing,Finishing,Balance,Heading,Vision,FreeKick,Reactions,name,Penalties,LongShots,Aggression,LongPassing,Interceptions
91,22,80,23,31,93,92,90,88,95,82,92,94,94,81,92,84,93,63,87,85,77,96,C. Ronaldo dos Santos Aveiro,85,92,63,72,29
68,86,88,87,90,64,68,60,46,73,65,69,41,76,61,68,61,45,42,84,59,52,84,Vincent Kompany,63,55,81,66,78
74,91,91,91,94,67,75,58,53,76,75,83,47,79,56,73,69,34,54,87,76,31,84,Jérôme Boateng,46,58,83,80,85
91,22,80,23,31,93,92,90,88,95,82,92,94,94,81,92,84,93,63,87,85,77,96,C. Ronaldo dos Santos Aveiro,85,92,63,72,29
79,25,84,19,42,85,79,78,86,84,83,82,89,86,77,87,62,91,79,85,78,68,88,Robert Lewandowski,78,82,80,65,39
88,30,76,38,45,86,89,86,88,69,83,77,92,87,86,91,77,94,60,77,84,84,93,Luis Suárez,85,86,78,64,41
93,21,49,33,24,96,70,96,83,61,81,90,90,78,78,95,75,89,82,62,80,79,88,Neymar da Silva Santos Jr.,81,77,56,75,36
93,51,80,52,55,89,78,77,76,79,86,95,86,91,86,88,87,87,65,82,79,85,87,Gareth Bale,76,90,65,80,59
92,13,59,26,28,97,74,90,85,68,88,87,93,83,89,95,77,95,95,71,90,90,95,Lionel Messi,74,88,48,87,22
69,15,93,27,41,87,75,86,93,72,84,74,86,93,80,90,76,90,41,76,83,80,85,Zlatan Ibrahimović,91,88,84,76,20
72,90,81,89,91,68,74,75,63,93,79,76,59,78,61,80,60,38,68,82,74,73,84,Thiago Emiliano da Silva,71,71,77,81,91
77,66,58,73,80,86,83,93,74,67,92,71,79,73,79,92,78,71,94,55,90,77,88,Luka Modrić,80,82,62,83,76
77,22,56,19,16,86,68,84,77,52,89,68,84,70,84,90,80,75,70,54,93,79,87,Mesut Özil,67,76,54,84,24
75,68,91,78,74,89,91,79,84,85,86,79,84,90,82,90,78,71,61,72,86,82,86,Paul Pogba,76,90,72,82,70
92,13,73,12,20,89,74,86,85,80,79,86,91,87,82,89,70,90,90,68,83,72,88,Sergio Agüero,83,84,57,63,24
76,30,73,40,39,85,85,78,82,65,88,78,83,84,78,86,90,82,75,53,88,77,87,Kevin De Bruyne,77,85,68,82,52
87,23,61,11,22,87,75,90,87,83,79,86,91,81,84,86,82,88,80,80,76,75,90,Antoine Griezmann,71,82,69,75,35
55,63,74,65,75,78,78,70,82,34,89,37,76,87,84,85,84,75,62,54,88,83,85,Toni Kroos,73,88,60,93,77
69,90,87,90,90,60,66,60,35,85,65,79,28,54,50,65,40,27,64,76,58,31,82,Andrea Barzagli,60,39,74,65,92
54,86,83,84,87,59,69,58,57,74,83,67,58,62,58,76,57,64,44,82,62,43,81,Gerard Piqué Bernabeu,69,51,68,80,88
79,29,76,45,48,88,74,78,79,48,87,75,80,78,90,90,87,76,80,59,88,91,76,Dimitri Payet,76,83,57,85,42
95,28,77,36,25,81,79,80,84,76,77,96,87,79,78,81,77,88,66,78,77,74,86,Pierre-Emerick Aubameyang,84,78,45,64,48
77,80,77,87,84,83,82,77,54,77,81,80,69,83,80,87,87,67,82,70,75,67,85,Marcelo Vieira da Silva,59,66,84,76,83
93,81,66,83,84,80,90,90,60,81,79,93,77,64,77,84,83,73,86,63,68,64,82,Jordi Alba Ramos,59,66,75,70,83
77,56,60,48,62,86,72,85,72,71,86,66,82,78,86,87,85,77,91,58,85,78,85,Santiago Cazorla González,80,82,64,84,55
65,62,64,62,63,80,80,65,81,68,92,62,80,77,77,87,86,76,77,74,91,81,83,Francesc Fàbregas i Soler,80,75,45,91,50
77,72,72,78,78,82,82,81,76,67,87,77,82,82,78,85,76,65,76,68,84,78,86,Claudio Marchisio,78,82,78,85,82
74,89,81,89,90,62,65,62,51,82,65,76,43,70,32,67,48,43,58,84,53,39,82,João Miranda de Souza Filho,49,41,83,65,88
88,30,66,35,39,89,85,90,78,85,80,84,85,82,78,86,80,83,87,65,82,78,84,Alexis Sánchez,77,80,80,73,42
64,84,85,88,88,68,73,60,55,85,75,74,38,74,56,75,44,37,54,84,74,61,84,Leonardo Bonucci,70,65,82,83,90
53,83,77,80,86,74,88,58,44,66,89,33,77,61,66,82,62,60,55,68,85,68,83,Sergio Busquets Burgos,60,54,86,79,87
87,29,65,26,26,91,68,89,86,61,84,86,85,86,86,89,80,84,91,51,83,83,87,Arjen Robben,80,88,47,71,39
79,76,77,84,89,76,93,75,78,82,84,76,80,84,76,83,76,77,77,81,80,68,89,Arturo Vidal,84,85,91,82,89
77,25,70,30,42,87,68,82,91,54,84,75,83,86,87,85,88,82,73,62,88,86,84,James Rodríguez,81,91,65,80,55
86,37,64,56,59,87,78,90,77,72,83,88,83,87,83,87,90,75,79,53,85,72,81,Ángel Di María,73,79,76,82,38
86,82,67,84,84,82,88,83,68,82,84,86,77,83,78,84,82,63,77,76,78,83,84,David Alaba,80,83,69,80,86
72,23,56,29,30,85,68,92,80,66,91,65,81,71,83,90,85,70,88,54,92,77,84,David Josué Jimenez Silva,77,74,51,78,41
62,85,86,86,91,68,67,64,60,68,77,65,56,71,65,77,64,55,58,90,79,53,85,Mats Hummels,68,51,67,82,90
67,52,63,53,65,84,76,71,80,51,87,65,80,84,88,87,81,83,66,49,87,84,79,Ivan Rakitić,78,88,67,92,69
76,31,68,44,41,75,90,77,83,81,81,79,96,77,81,82,74,89,72,82,81,59,92,Thomas Müller,60,80,57,68,58
79,13,78,12,15,83,74,77,79,70,86,82,87,83,79,87,75,88,60,78,85,73,83,Karim Benzema,82,78,65,47,22
78,12,85,18,22,84,73,74,86,75,72,82,92,85,69,85,68,91,60,80,70,62,86,Gonzalo Higuaín,70,82,50,58,20
74,57,59,56,57,90,64,82,74,54,92,73,85,65,80,93,79,73,86,54,94,70,88,Andrés Iniesta Luján,71,74,58,86,68
69,86,59,95,87,82,79,82,66,72,86,68,69,57,77,86,84,47,93,63,82,59,91,Philipp Lahm,71,65,58,79,93
62,87,80,89,86,53,69,63,47,89,79,67,48,67,49,76,55,42,58,92,52,51,85,Diego Godín,50,43,86,70,88
68,86,88,87,90,64,68,60,46,73,65,69,41,76,61,68,61,45,42,84,59,52,84,Vincent Kompany,63,55,81,66,78
65,88,84,90,89,58,64,63,23,76,67,75,40,63,44,58,46,46,49,82,48,47,84,Képler Laveran Lima Ferreira,57,56,94,61,88
69,92,91,90,92,56,69,61,45,89,55,78,28,78,60,55,56,33,69,80,50,31,78,Giorgio Chiellini,50,49,90,55,88
89,30,64,46,36,86,72,87,88,70,86,91,86,87,90,85,83,83,82,51,84,84,87,Marco Reus,84,85,47,79,50
67,84,74,85,87,58,86,71,51,75,79,65,51,76,63,82,63,42,78,68,68,50,83,Javier Mascherano,60,55,89,75,92
89,24,56,35,38,87,73,91,75,59,85,77,76,79,84,88,74,70,91,47,87,74,75,Philippe Coutinho Correia,64,80,35,78,30
63,85,81,83,88,61,75,60,38,82,77,69,56,86,63,70,64,45,49,82,60,69,84,Toby Alderweireld,60,66,79,81,86
73,28,91,34,39,79,85,58,81,60,65,76,88,83,58,82,63,88,52,82,74,59,84,Diego da Silva Costa,76,69,93,48,40
77,85,74,86,83,77,91,74,56,62,78,83,71,71,74,81,84,59,60,68,70,75,83,Filipe Luís Kasmirski,65,60,81,77,82
85,30,50,43,42,87,71,89,81,68,84,80,79,72,88,86,86,73,81,54,85,72,84,Nicolás Gaitán,71,74,57,78,40
84,23,77,30,29,85,80,87,82,78,80,87,86,81,74,83,70,86,84,76,77,73,84,Alexandre Lacazette,82,74,70,68,40
74,24,74,27,45,80,90,82,84,88,75,78,87,85,75,79,70,84,59,88,77,74,84,Edinson Cavani,82,78,82,50,48
69,62,69,68,74,81,92,77,79,65,85,69,83,81,70,84,75,76,75,58,81,70,82,Aaron Ramsey,75,75,74,80,73
78,38,52,22,54,84,87,77,69,57,85,74,79,78,85,86,84,75,81,52,85,87,81,Christian Eriksen,67,79,44,82,45
76,27,93,30,30,76,80,62,73,71,67,86,84,88,64,78,68,84,48,83,69,66,77,Romelu Lukaku,80,76,72,58,27
74,50,75,51,57,80,81,77,56,61,85,69,80,84,85,86,84,71,78,62,89,76,84,Jorge Resurrección,59,81,68,87,58
48,71,76,69,75,70,79,55,50,33,85,54,78,88,68,80,68,49,62,62,86,70,86,Granit Xhaka,59,85,89,89,76
77,25,67,26,35,88,69,83,84,76,84,77,80,84,78,85,78,77,75,65,81,72,83,Julian Draxler,63,83,48,75,36
53,78,88,75,87,78,87,49,56,67,83,54,65,65,62,79,57,55,46,74,77,44,75,William Silva de Carvalho,56,64,80,85,86
72,65,85,64,77,86,77,68,63,58,88,66,77,80,82,85,61,68,64,69,83,68,82,André Filipe Tavares Gomes,55,73,81,85,76
85,12,76,14,16,82,74,81,82,77,72,85,87,78,70,81,60,88,75,74,66,58,82,Carlos Bacca,76,70,68,50,34
69,63,91,75,76,79,80,60,68,65,86,78,80,86,80,82,67,82,55,74,85,85,82,Yaya Touré,85,85,78,83,60
67,83,84,85,86,60,62,53,60,43,74,76,53,92,52,68,45,57,42,93,59,76,83,Ronaldo Aparecido Rodrigues,60,82,73,70,88
72,87,86,86,88,58,74,63,46,83,64,83,50,79,37,58,47,44,67,84,52,35,79,Sokratis Papastathopoulos,38,44,85,61,78
66,76,90,78,84,72,90,57,74,71,82,68,68,78,68,79,68,64,53,77,77,67,82,Nemanja Matić,69,75,83,80,86
49,80,84,87,86,62,62,54,61,70,76,54,57,76,61,71,60,55,58,86,74,45,82,Javier Martínez Aginaga,52,63,87,76,84
78,54,70,65,63,87,74,86,80,79,85,68,82,73,81,88,82,72,77,70,86,64,81,Arda Turan,73,77,80,81,61
32,70,74,71,77,75,63,54,71,46,91,33,77,83,82,83,79,56,67,72,87,84,82,Xabier Alonso Olano,80,82,78,92,86
88,15,73,12,24,84,72,78,76,74,75,89,84,83,62,81,62,85,64,73,74,68,82,Daniel Sturridge,75,83,60,62,22
50,88,85,82,87,62,80,57,46,71,72,54,49,76,55,73,62,48,38,86,63,74,77,Ezequiel Garay,66,60,74,75,87
75,25,43,21,28,83,74,89,71,72,86,63,82,74,83,86,83,77,89,63,87,83,85,Juan Manuel Mata García,81,70,52,77,39
73,16,65,23,29,90,65,86,87,62,85,67,82,68,80,90,77,75,84,49,82,73,83,Mario Götze,65,56,48,60,53
73,23,61,25,36,84,74,82,85,69,78,71,87,80,85,88,74,87,67,82,83,77,85,Jonas Gonçalves Oliveira,83,84,61,73,34
69,46,82,49,44,79,66,53,84,93,71,71,86,83,61,80,54,85,57,94,73,54,85,Aritz Aduriz Zubeldia,75,80,82,52,23
69,41,84,38,36,77,84,74,70,70,75,77,85,85,71,82,69,88,62,82,72,66,84,Harry Kane,82,78,74,63,35
91,14,65,20,20,90,81,91,82,75,78,85,85,80,86,91,78,89,85,64,79,82,82,Paulo Dybala,82,86,48,58,24
72,49,68,51,59,89,75,85,78,49,87,75,81,78,83,87,78,75,58,63,88,69,84,Javier Pastore,75,78,65,83,69
63,85,81,84,84,60,69,65,38,82,74,67,51,62,38,70,58,48,61,83,57,52,82,Benedikt Höwedes,56,31,79,64,85
58,86,84,85,88,55,73,49,40,77,73,71,54,70,62,71,58,45,55,85,52,77,82,Aymeric Laporte,35,47,72,78,85
72,78,56,74,82,88,77,87,64,64,90,64,71,66,73,85,72,52,94,55,84,64,87,Marco Verratti,64,58,89,87,83
68,83,82,86,86,41,78,71,56,90,64,75,49,69,50,60,52,53,62,86,45,39,79,Nicolás Otamendi,44,56,85,66,86
84,49,63,55,53,86,85,88,81,72,85,82,83,87,83,89,80,73,83,53,85,64,83,Henrikh Mkhitaryan,72,75,69,73,68
77,57,74,64,64,87,73,85,75,62,90,74,77,77,81,88,74,67,83,49,87,74,87,İlkay Gündoğan,76,74,68,83,79
75,56,69,56,69,83,79,76,79,72,87,77,84,76,80,86,78,78,63,74,86,72,85,Marek Hamšik,70,79,56,81,68
79,83,75,85,87,62,73,70,35,86,75,78,31,54,22,67,54,32,62,84,56,49,78,Laurent Koscielny,51,47,90,67,85
79,83,78,83,85,73,94,77,72,83,84,79,70,74,65,79,75,65,79,73,77,52,86,Blaise Matuidi,56,66,85,79,87
84,70,57,86,83,81,78,81,68,78,80,89,63,87,77,85,80,60,80,71,67,74,82,Daniel Alves da Silva,70,77,85,76,83
92,43,61,51,62,87,86,87,59,46,82,86,78,71,80,86,75,75,82,29,83,85,81,Willian Borges da Silva,60,80,44,77,55
74,58,65,64,68,83,79,78,71,61,89,74,76,79,86,89,80,70,78,60,88,91,84,Miralem Pjanić,79,84,62,85,68
85,13,60,26,25,90,64,90,80,50,86,79,81,76,83,90,81,76,91,41,86,81,86,Franck Ribéry,80,73,52,75,36
86,25,57,21,27,89,76,92,71,59,80,79,81,76,78,88,83,80,80,45,83,70,75,Riyad Mahrez,71,74,39,76,38
77,85,81,90,89,61,84,80,66,92,76,78,52,79,73,83,66,60,60,86,63,67,82,Sergio Ramos García,68,55,84,70,88
93,25,63,22,27,93,74,92,79,59,82,87,84,79,82,90,80,80,90,57,86,79,85,Eden Hazard,86,82,54,78,41
Acceleration,Marking,Strength,SlidingTackle,StandingTackle,Dribbling,Stamina,Agility,Volleys,Jumping,ShortPassing,SprintSpeed,Positioning,ShotPower,Curve,BallControl,Crossing,Finishing,Balance,Heading,Vision,FreeKick,Reactions,name,Penalties,LongShots,Aggression,LongPassing,Interceptions
91,22,80,23,31,93,92,90,88,95,82,92,94,94,81,92,84,93,63,87,85,77,96,C. Ronaldo dos Santos Aveiro,85,92,63,72,29
74,91,91,91,94,67,75,58,53,76,75,83,47,79,56,73,69,34,54,87,76,31,84,Jérôme Boateng,46,58,83,80,85
93,21,49,33,24,96,70,96,83,61,81,90,90,78,78,95,75,89,82,62,80,79,88,Neymar da Silva Santos Jr.,81,77,56,75,36
69,15,93,27,41,87,75,86,93,72,84,74,86,93,80,90,76,90,41,76,83,80,85,Zlatan Ibrahimović,91,88,84,76,20
79,25,84,19,42,85,79,78,86,84,83,82,89,86,77,87,62,91,79,85,78,68,88,Robert Lewandowski,78,82,80,65,39
92,13,73,12,20,89,74,86,85,80,79,86,91,87,82,89,70,90,90,68,83,72,88,Sergio Agüero,83,84,57,63,24
93,51,80,52,55,89,78,77,76,79,86,95,86,91,86,88,87,87,65,82,79,85,87,Gareth Bale,76,90,65,80,59
88,30,76,38,45,86,89,86,88,69,83,77,92,87,86,91,77,94,60,77,84,84,93,Luis Suárez,85,86,78,64,41
92,13,59,26,28,97,74,90,85,68,88,87,93,83,89,95,77,95,95,71,90,90,95,Lionel Messi,74,88,48,87,22
93,25,63,22,27,93,74,92,79,59,82,87,84,79,82,90,80,80,90,57,86,79,85,Eden Hazard,86,82,54,78,41
72,90,81,89,91,68,74,75,63,93,79,76,59,78,61,80,60,38,68,82,74,73,84,Thiago Emiliano da Silva,71,71,77,81,91
77,66,58,73,80,86,83,93,74,67,92,71,79,73,79,92,78,71,94,55,90,77,88,Luka Modrić,80,82,62,83,76
77,85,81,90,89,61,84,80,66,92,76,78,52,79,73,83,66,60,60,86,63,67,82,Sergio Ramos García,68,55,84,70,88
77,22,56,19,16,86,68,84,77,52,89,68,84,70,84,90,80,75,70,54,93,79,87,Mesut Özil,67,76,54,84,24
77,56,60,48,62,86,72,85,72,71,86,66,82,78,86,87,85,77,91,58,85,78,85,Santiago Cazorla González,80,82,64,84,55
87,23,61,11,22,87,75,90,87,83,79,86,91,81,84,86,82,88,80,80,76,75,90,Antoine Griezmann,71,82,69,75,35
75,68,91,78,74,89,91,79,84,85,86,79,84,90,82,90,78,71,61,72,86,82,86,Paul Pogba,76,90,72,82,70
54,86,83,84,87,59,69,58,57,74,83,67,58,62,58,76,57,64,44,82,62,43,81,Gerard Piqué Bernabeu,69,51,68,80,88
95,28,77,36,25,81,79,80,84,76,77,96,87,79,78,81,77,88,66,78,77,74,86,Pierre-Emerick Aubameyang,84,78,45,64,48
74,89,81,89,90,62,65,62,51,82,65,76,43,70,32,67,48,43,58,84,53,39,82,João Miranda de Souza Filho,49,41,83,65,88
77,80,77,87,84,83,82,77,54,77,81,80,69,83,80,87,87,67,82,70,75,67,85,Marcelo Vieira da Silva,59,66,84,76,83
69,90,87,90,90,60,66,60,35,85,65,79,28,54,50,65,40,27,64,76,58,31,82,Andrea Barzagli,60,39,74,65,92
79,29,76,45,48,88,74,78,79,48,87,75,80,78,90,90,87,76,80,59,88,91,76,Dimitri Payet,76,83,57,85,42
93,81,66,83,84,80,90,90,60,81,79,93,77,64,77,84,83,73,86,63,68,64,82,Jordi Alba Ramos,59,66,75,70,83
76,31,68,44,41,75,90,77,83,81,81,79,96,77,81,82,74,89,72,82,81,59,92,Thomas Müller,60,80,57,68,58
87,29,65,26,26,91,68,89,86,61,84,86,85,86,86,89,80,84,91,51,83,83,87,Arjen Robben,80,88,47,71,39
64,84,85,88,88,68,73,60,55,85,75,74,38,74,56,75,44,37,54,84,74,61,84,Leonardo Bonucci,70,65,82,83,90
88,30,66,35,39,89,85,90,78,85,80,84,85,82,78,86,80,83,87,65,82,78,84,Alexis Sánchez,77,80,80,73,42
79,76,77,84,89,76,93,75,78,82,84,76,80,84,76,83,76,77,77,81,80,68,89,Arturo Vidal,84,85,91,82,89
65,62,64,62,63,80,80,65,81,68,92,62,80,77,77,87,86,76,77,74,91,81,83,Francesc Fàbregas i Soler,80,75,45,91,50
53,83,77,80,86,74,88,58,44,66,89,33,77,61,66,82,62,60,55,68,85,68,83,Sergio Busquets Burgos,60,54,86,79,87
77,72,72,78,78,82,82,81,76,67,87,77,82,82,78,85,76,65,76,68,84,78,86,Claudio Marchisio,78,82,78,85,82
89,30,64,46,36,86,72,87,88,70,86,91,86,87,90,85,83,83,82,51,84,84,87,Marco Reus,84,85,47,79,50
86,37,64,56,59,87,78,90,77,72,83,88,83,87,83,87,90,75,79,53,85,72,81,Ángel Di María,73,79,76,82,38
67,52,63,53,65,84,76,71,80,51,87,65,80,84,88,87,81,83,66,49,87,84,79,Ivan Rakitić,78,88,67,92,69
86,82,67,84,84,82,88,83,68,82,84,86,77,83,78,84,82,63,77,76,78,83,84,David Alaba,80,83,69,80,86
72,23,56,29,30,85,68,92,80,66,91,65,81,71,83,90,85,70,88,54,92,77,84,David Josué Jimenez Silva,77,74,51,78,41
77,25,70,30,42,87,68,82,91,54,84,75,83,86,87,85,88,82,73,62,88,86,84,James Rodríguez,81,91,65,80,55
79,13,78,12,15,83,74,77,79,70,86,82,87,83,79,87,75,88,60,78,85,73,83,Karim Benzema,82,78,65,47,22
62,85,86,86,91,68,67,64,60,68,77,65,56,71,65,77,64,55,58,90,79,53,85,Mats Hummels,68,51,67,82,90
69,92,91,90,92,56,69,61,45,89,55,78,28,78,60,55,56,33,69,80,50,31,78,Giorgio Chiellini,50,49,90,55,88
62,87,80,89,86,53,69,63,47,89,79,67,48,67,49,76,55,42,58,92,52,51,85,Diego Godín,50,43,86,70,88
78,12,85,18,22,84,73,74,86,75,72,82,92,85,69,85,68,91,60,80,70,62,86,Gonzalo Higuaín,70,82,50,58,20
55,63,74,65,75,78,78,70,82,34,89,37,76,87,84,85,84,75,62,54,88,83,85,Toni Kroos,73,88,60,93,77
65,88,84,90,89,58,64,63,23,76,67,75,40,63,44,58,46,46,49,82,48,47,84,Képler Laveran Lima Ferreira,57,56,94,61,88
74,57,59,56,57,90,64,82,74,54,92,73,85,65,80,93,79,73,86,54,94,70,88,Andrés Iniesta Luján,71,74,58,86,68
69,86,59,95,87,82,79,82,66,72,86,68,69,57,77,86,84,47,93,63,82,59,91,Philipp Lahm,71,65,58,79,93
68,86,88,87,90,64,68,60,46,73,65,69,41,76,61,68,61,45,42,84,59,52,84,Vincent Kompany,63,55,81,66,78
84,23,77,30,29,85,80,87,82,78,80,87,86,81,74,83,70,86,84,76,77,73,84,Alexandre Lacazette,82,74,70,68,40
73,28,91,34,39,79,85,58,81,60,65,76,88,83,58,82,63,88,52,82,74,59,84,Diego da Silva Costa,76,69,93,48,40
67,84,74,85,87,58,86,71,51,75,79,65,51,76,63,82,63,42,78,68,68,50,83,Javier Mascherano,60,55,89,75,92
77,85,74,86,83,77,91,74,56,62,78,83,71,71,74,81,84,59,60,68,70,75,83,Filipe Luís Kasmirski,65,60,81,77,82
63,85,81,83,88,61,75,60,38,82,77,69,56,86,63,70,64,45,49,82,60,69,84,Toby Alderweireld,60,66,79,81,86
85,30,50,43,42,87,71,89,81,68,84,80,79,72,88,86,86,73,81,54,85,72,84,Nicolás Gaitán,71,74,57,78,40
89,24,56,35,38,87,73,91,75,59,85,77,76,79,84,88,74,70,91,47,87,74,75,Philippe Coutinho Correia,64,80,35,78,30
74,24,74,27,45,80,90,82,84,88,75,78,87,85,75,79,70,84,59,88,77,74,84,Edinson Cavani,82,78,82,50,48
84,49,63,55,53,86,85,88,81,72,85,82,83,87,83,89,80,73,83,53,85,64,83,Henrikh Mkhitaryan,72,75,69,73,68
92,43,61,51,62,87,86,87,59,46,82,86,78,71,80,86,75,75,82,29,83,85,81,Willian Borges da Silva,60,80,44,77,55
72,78,56,74,82,88,77,87,64,64,90,64,71,66,73,85,72,52,94,55,84,64,87,Marco Verratti,64,58,89,87,83
91,14,65,20,20,90,81,91,82,75,78,85,85,80,86,91,78,89,85,64,79,82,82,Paulo Dybala,82,86,48,58,24
72,49,68,51,59,89,75,85,78,49,87,75,81,78,83,87,78,75,58,63,88,69,84,Javier Pastore,75,78,65,83,69
68,83,82,86,86,41,78,71,56,90,64,75,49,69,50,60,52,53,62,86,45,39,79,Nicolás Otamendi,44,56,85,66,86
77,57,74,64,64,87,73,85,75,62,90,74,77,77,81,88,74,67,83,49,87,74,87,İlkay Gündoğan,76,74,68,83,79
58,86,84,85,88,55,73,49,40,77,73,71,54,70,62,71,58,45,55,85,52,77,82,Aymeric Laporte,35,47,72,78,85
69,41,84,38,36,77,84,74,70,70,75,77,85,85,71,82,69,88,62,82,72,66,84,Harry Kane,82,78,74,63,35
69,46,82,49,44,79,66,53,84,93,71,71,86,83,61,80,54,85,57,94,73,54,85,Aritz Aduriz Zubeldia,75,80,82,52,23
50,88,85,82,87,62,80,57,46,71,72,54,49,76,55,73,62,48,38,86,63,74,77,Ezequiel Garay,66,60,74,75,87
88,15,73,12,24,84,72,78,76,74,75,89,84,83,62,81,62,85,64,73,74,68,82,Daniel Sturridge,75,83,60,62,22
73,23,61,25,36,84,74,82,85,69,78,71,87,80,85,88,74,87,67,82,83,77,85,Jonas Gonçalves Oliveira,83,84,61,73,34
75,25,43,21,28,83,74,89,71,72,86,63,82,74,83,86,83,77,89,63,87,83,85,Juan Manuel Mata García,81,70,52,77,39
72,87,86,86,88,58,74,63,46,83,64,83,50,79,37,58,47,44,67,84,52,35,79,Sokratis Papastathopoulos,38,44,85,61,78
69,63,91,75,76,79,80,60,68,65,86,78,80,86,80,82,67,82,55,74,85,85,82,Yaya Touré,85,85,78,83,60
32,70,74,71,77,75,63,54,71,46,91,33,77,83,82,83,79,56,67,72,87,84,82,Xabier Alonso Olano,80,82,78,92,86
66,76,90,78,84,72,90,57,74,71,82,68,68,78,68,79,68,64,53,77,77,67,82,Nemanja Matić,69,75,83,80,86
49,80,84,87,86,62,62,54,61,70,76,54,57,76,61,71,60,55,58,86,74,45,82,Javier Martínez Aginaga,52,63,87,76,84
67,83,84,85,86,60,62,53,60,43,74,76,53,92,52,68,45,57,42,93,59,76,83,Ronaldo Aparecido Rodrigues,60,82,73,70,88
85,12,76,14,16,82,74,81,82,77,72,85,87,78,70,81,60,88,75,74,66,58,82,Carlos Bacca,76,70,68,50,34
73,16,65,23,29,90,65,86,87,62,85,67,82,68,80,90,77,75,84,49,82,73,83,Mario Götze,65,56,48,60,53
78,54,70,65,63,87,74,86,80,79,85,68,82,73,81,88,82,72,77,70,86,64,81,Arda Turan,73,77,80,81,61
53,78,88,75,87,78,87,49,56,67,83,54,65,65,62,79,57,55,46,74,77,44,75,William Silva de Carvalho,56,64,80,85,86
48,71,76,69,75,70,79,55,50,33,85,54,78,88,68,80,68,49,62,62,86,70,86,Granit Xhaka,59,85,89,89,76
76,27,93,30,30,76,80,62,73,71,67,86,84,88,64,78,68,84,48,83,69,66,77,Romelu Lukaku,80,76,72,58,27
69,62,69,68,74,81,92,77,79,65,85,69,83,81,70,84,75,76,75,58,81,70,82,Aaron Ramsey,75,75,74,80,73
77,25,67,26,35,88,69,83,84,76,84,77,80,84,78,85,78,77,75,65,81,72,83,Julian Draxler,63,83,48,75,36
63,85,81,84,84,60,69,65,38,82,74,67,51,62,38,70,58,48,61,83,57,52,82,Benedikt Höwedes,56,31,79,64,85
78,38,52,22,54,84,87,77,69,57,85,74,79,78,85,86,84,75,81,52,85,87,81,Christian Eriksen,67,79,44,82,45
74,50,75,51,57,80,81,77,56,61,85,69,80,84,85,86,84,71,78,62,89,76,84,Jorge Resurrección,59,81,68,87,58
72,65,85,64,77,86,77,68,63,58,88,66,77,80,82,85,61,68,64,69,83,68,82,André Filipe Tavares Gomes,55,73,81,85,76
75,56,69,56,69,83,79,76,79,72,87,77,84,76,80,86,78,78,63,74,86,72,85,Marek Hamšik,70,79,56,81,68
79,83,75,85,87,62,73,70,35,86,75,78,31,54,22,67,54,32,62,84,56,49,78,Laurent Koscielny,51,47,90,67,85
74,58,65,64,68,83,79,78,71,61,89,74,76,79,86,89,80,70,78,60,88,91,84,Miralem Pjanić,79,84,62,85,68
86,25,57,21,27,89,76,92,71,59,80,79,81,76,78,88,83,80,80,45,83,70,75,Riyad Mahrez,71,74,39,76,38
79,83,78,83,85,73,94,77,72,83,84,79,70,74,65,79,75,65,79,73,77,52,86,Blaise Matuidi,56,66,85,79,87
85,13,60,26,25,90,64,90,80,50,86,79,81,76,83,90,81,76,91,41,86,81,86,Franck Ribéry,80,73,52,75,36
84,70,57,86,83,81,78,81,68,78,80,89,63,87,77,85,80,60,80,71,67,74,82,Daniel Alves da Silva,70,77,85,76,83
76,30,73,40,39,85,85,78,82,65,88,78,83,84,78,86,90,82,75,53,88,77,87,Kevin De Bruyne,77,85,68,82,52
Acceleration,Marking,Strength,SlidingTackle,StandingTackle,Dribbling,Stamina,Agility,Volleys,Jumping,ShortPassing,SprintSpeed,Positioning,ShotPower,Curve,BallControl,Crossing,Finishing,Balance,Heading,Vision,FreeKick,Reactions,name,Penalties,LongShots,Aggression,LongPassing,Interceptions
91,22,80,23,31,93,92,90,88,95,82,92,94,94,81,92,84,93,63,87,85,77,96,C. Ronaldo dos Santos Aveiro,85,92,63,72,29
93,21,49,33,24,96,70,96,83,61,81,90,90,78,78,95,75,89,82,62,80,79,88,Neymar da Silva Santos Jr.,81,77,56,75,36
88,30,76,38,45,86,89,86,88,69,83,77,92,87,86,91,77,94,60,77,84,84,93,Luis Suárez,85,86,78,64,41
77,22,56,19,16,86,68,84,77,52,89,68,84,70,84,90,80,75,70,54,93,79,87,Mesut Özil,67,76,54,84,24
92,13,73,12,20,89,74,86,85,80,79,86,91,87,82,89,70,90,90,68,83,72,88,Sergio Agüero,83,84,57,63,24
69,15,93,27,41,87,75,86,93,72,84,74,86,93,80,90,76,90,41,76,83,80,85,Zlatan Ibrahimović,91,88,84,76,20
92,13,59,26,28,97,74,90,85,68,88,87,93,83,89,95,77,95,95,71,90,90,95,Lionel Messi,74,88,48,87,22
79,25,84,19,42,85,79,78,86,84,83,82,89,86,77,87,62,91,79,85,78,68,88,Robert Lewandowski,78,82,80,65,39
74,91,91,91,94,67,75,58,53,76,75,83,47,79,56,73,69,34,54,87,76,31,84,Jérôme Boateng,46,58,83,80,85
72,90,81,89,91,68,74,75,63,93,79,76,59,78,61,80,60,38,68,82,74,73,84,Thiago Emiliano da Silva,71,71,77,81,91
75,68,91,78,74,89,91,79,84,85,86,79,84,90,82,90,78,71,61,72,86,82,86,Paul Pogba,76,90,72,82,70
93,51,80,52,55,89,78,77,76,79,86,95,86,91,86,88,87,87,65,82,79,85,87,Gareth Bale,76,90,65,80,59
77,85,81,90,89,61,84,80,66,92,76,78,52,79,73,83,66,60,60,86,63,67,82,Sergio Ramos García,68,55,84,70,88
55,63,74,65,75,78,78,70,82,34,89,37,76,87,84,85,84,75,62,54,88,83,85,Toni Kroos,73,88,60,93,77
77,66,58,73,80,86,83,93,74,67,92,71,79,73,79,92,78,71,94,55,90,77,88,Luka Modrić,80,82,62,83,76
76,30,73,40,39,85,85,78,82,65,88,78,83,84,78,86,90,82,75,53,88,77,87,Kevin De Bruyne,77,85,68,82,52
77,80,77,87,84,83,82,77,54,77,81,80,69,83,80,87,87,67,82,70,75,67,85,Marcelo Vieira da Silva,59,66,84,76,83
93,81,66,83,84,80,90,90,60,81,79,93,77,64,77,84,83,73,86,63,68,64,82,Jordi Alba Ramos,59,66,75,70,83
95,28,77,36,25,81,79,80,84,76,77,96,87,79,78,81,77,88,66,78,77,74,86,Pierre-Emerick Aubameyang,84,78,45,64,48
69,90,87,90,90,60,66,60,35,85,65,79,28,54,50,65,40,27,64,76,58,31,82,Andrea Barzagli,60,39,74,65,92
77,56,60,48,62,86,72,85,72,71,86,66,82,78,86,87,85,77,91,58,85,78,85,Santiago Cazorla González,80,82,64,84,55
54,86,83,84,87,59,69,58,57,74,83,67,58,62,58,76,57,64,44,82,62,43,81,Gerard Piqué Bernabeu,69,51,68,80,88
79,29,76,45,48,88,74,78,79,48,87,75,80,78,90,90,87,76,80,59,88,91,76,Dimitri Payet,76,83,57,85,42
74,89,81,89,90,62,65,62,51,82,65,76,43,70,32,67,48,43,58,84,53,39,82,João Miranda de Souza Filho,49,41,83,65,88
88,30,66,35,39,89,85,90,78,85,80,84,85,82,78,86,80,83,87,65,82,78,84,Alexis Sánchez,77,80,80,73,42
79,76,77,84,89,76,93,75,78,82,84,76,80,84,76,83,76,77,77,81,80,68,89,Arturo Vidal,84,85,91,82,89
65,62,64,62,63,80,80,65,81,68,92,62,80,77,77,87,86,76,77,74,91,81,83,Francesc Fàbregas i Soler,80,75,45,91,50
87,29,65,26,26,91,68,89,86,61,84,86,85,86,86,89,80,84,91,51,83,83,87,Arjen Robben,80,88,47,71,39
77,72,72,78,78,82,82,81,76,67,87,77,82,82,78,85,76,65,76,68,84,78,86,Claudio Marchisio,78,82,78,85,82
53,83,77,80,86,74,88,58,44,66,89,33,77,61,66,82,62,60,55,68,85,68,83,Sergio Busquets Burgos,60,54,86,79,87
64,84,85,88,88,68,73,60,55,85,75,74,38,74,56,75,44,37,54,84,74,61,84,Leonardo Bonucci,70,65,82,83,90
76,31,68,44,41,75,90,77,83,81,81,79,96,77,81,82,74,89,72,82,81,59,92,Thomas Müller,60,80,57,68,58
85,13,60,26,25,90,64,90,80,50,86,79,81,76,83,90,81,76,91,41,86,81,86,Franck Ribéry,80,73,52,75,36
63,85,81,83,88,61,75,60,38,82,77,69,56,86,63,70,64,45,49,82,60,69,84,Toby Alderweireld,60,66,79,81,86
62,85,86,86,91,68,67,64,60,68,77,65,56,71,65,77,64,55,58,90,79,53,85,Mats Hummels,68,51,67,82,90
77,85,74,86,83,77,91,74,56,62,78,83,71,71,74,81,84,59,60,68,70,75,83,Filipe Luís Kasmirski,65,60,81,77,82
77,25,70,30,42,87,68,82,91,54,84,75,83,86,87,85,88,82,73,62,88,86,84,James Rodríguez,81,91,65,80,55
79,83,78,83,85,73,94,77,72,83,84,79,70,74,65,79,75,65,79,73,77,52,86,Blaise Matuidi,56,66,85,79,87
85,30,50,43,42,87,71,89,81,68,84,80,79,72,88,86,86,73,81,54,85,72,84,Nicolás Gaitán,71,74,57,78,40
68,86,88,87,90,64,68,60,46,73,65,69,41,76,61,68,61,45,42,84,59,52,84,Vincent Kompany,63,55,81,66,78
79,83,75,85,87,62,73,70,35,86,75,78,31,54,22,67,54,32,62,84,56,49,78,Laurent Koscielny,51,47,90,67,85
84,70,57,86,83,81,78,81,68,78,80,89,63,87,77,85,80,60,80,71,67,74,82,Daniel Alves da Silva,70,77,85,76,83
75,56,69,56,69,83,79,76,79,72,87,77,84,76,80,86,78,78,63,74,86,72,85,Marek Hamšik,70,79,56,81,68
89,24,56,35,38,87,73,91,75,59,85,77,76,79,84,88,74,70,91,47,87,74,75,Philippe Coutinho Correia,64,80,35,78,30
74,58,65,64,68,83,79,78,71,61,89,74,76,79,86,89,80,70,78,60,88,91,84,Miralem Pjanić,79,84,62,85,68
92,43,61,51,62,87,86,87,59,46,82,86,78,71,80,86,75,75,82,29,83,85,81,Willian Borges da Silva,60,80,44,77,55
86,25,57,21,27,89,76,92,71,59,80,79,81,76,78,88,83,80,80,45,83,70,75,Riyad Mahrez,71,74,39,76,38
84,23,77,30,29,85,80,87,82,78,80,87,86,81,74,83,70,86,84,76,77,73,84,Alexandre Lacazette,82,74,70,68,40
69,41,84,38,36,77,84,74,70,70,75,77,85,85,71,82,69,88,62,82,72,66,84,Harry Kane,82,78,74,63,35
69,62,69,68,74,81,92,77,79,65,85,69,83,81,70,84,75,76,75,58,81,70,82,Aaron Ramsey,75,75,74,80,73
69,46,82,49,44,79,66,53,84,93,71,71,86,83,61,80,54,85,57,94,73,54,85,Aritz Aduriz Zubeldia,75,80,82,52,23
88,15,73,12,24,84,72,78,76,74,75,89,84,83,62,81,62,85,64,73,74,68,82,Daniel Sturridge,75,83,60,62,22
73,23,61,25,36,84,74,82,85,69,78,71,87,80,85,88,74,87,67,82,83,77,85,Jonas Gonçalves Oliveira,83,84,61,73,34
50,88,85,82,87,62,80,57,46,71,72,54,49,76,55,73,62,48,38,86,63,74,77,Ezequiel Garay,66,60,74,75,87
75,25,43,21,28,83,74,89,71,72,86,63,82,74,83,86,83,77,89,63,87,83,85,Juan Manuel Mata García,81,70,52,77,39
63,85,81,84,84,60,69,65,38,82,74,67,51,62,38,70,58,48,61,83,57,52,82,Benedikt Höwedes,56,31,79,64,85
32,70,74,71,77,75,63,54,71,46,91,33,77,83,82,83,79,56,67,72,87,84,82,Xabier Alonso Olano,80,82,78,92,86
66,76,90,78,84,72,90,57,74,71,82,68,68,78,68,79,68,64,53,77,77,67,82,Nemanja Matić,69,75,83,80,86
72,87,86,86,88,58,74,63,46,83,64,83,50,79,37,58,47,44,67,84,52,35,79,Sokratis Papastathopoulos,38,44,85,61,78
69,63,91,75,76,79,80,60,68,65,86,78,80,86,80,82,67,82,55,74,85,85,82,Yaya Touré,85,85,78,83,60
67,83,84,85,86,60,62,53,60,43,74,76,53,92,52,68,45,57,42,93,59,76,83,Ronaldo Aparecido Rodrigues,60,82,73,70,88
78,54,70,65,63,87,74,86,80,79,85,68,82,73,81,88,82,72,77,70,86,64,81,Arda Turan,73,77,80,81,61
49,80,84,87,86,62,62,54,61,70,76,54,57,76,61,71,60,55,58,86,74,45,82,Javier Martínez Aginaga,52,63,87,76,84
77,25,67,26,35,88,69,83,84,76,84,77,80,84,78,85,78,77,75,65,81,72,83,Julian Draxler,63,83,48,75,36
53,78,88,75,87,78,87,49,56,67,83,54,65,65,62,79,57,55,46,74,77,44,75,William Silva de Carvalho,56,64,80,85,86
76,27,93,30,30,76,80,62,73,71,67,86,84,88,64,78,68,84,48,83,69,66,77,Romelu Lukaku,80,76,72,58,27
48,71,76,69,75,70,79,55,50,33,85,54,78,88,68,80,68,49,62,62,86,70,86,Granit Xhaka,59,85,89,89,76
73,16,65,23,29,90,65,86,87,62,85,67,82,68,80,90,77,75,84,49,82,73,83,Mario Götze,65,56,48,60,53
74,50,75,51,57,80,81,77,56,61,85,69,80,84,85,86,84,71,78,62,89,76,84,Jorge Resurrección,59,81,68,87,58
78,38,52,22,54,84,87,77,69,57,85,74,79,78,85,86,84,75,81,52,85,87,81,Christian Eriksen,67,79,44,82,45
85,12,76,14,16,82,74,81,82,77,72,85,87,78,70,81,60,88,75,74,66,58,82,Carlos Bacca,76,70,68,50,34
58,86,84,85,88,55,73,49,40,77,73,71,54,70,62,71,58,45,55,85,52,77,82,Aymeric Laporte,35,47,72,78,85
72,49,68,51,59,89,75,85,78,49,87,75,81,78,83,87,78,75,58,63,88,69,84,Javier Pastore,75,78,65,83,69
72,78,56,74,82,88,77,87,64,64,90,64,71,66,73,85,72,52,94,55,84,64,87,Marco Verratti,64,58,89,87,83
68,83,82,86,86,41,78,71,56,90,64,75,49,69,50,60,52,53,62,86,45,39,79,Nicolás Otamendi,44,56,85,66,86
91,14,65,20,20,90,81,91,82,75,78,85,85,80,86,91,78,89,85,64,79,82,82,Paulo Dybala,82,86,48,58,24
77,57,74,64,64,87,73,85,75,62,90,74,77,77,81,88,74,67,83,49,87,74,87,İlkay Gündoğan,76,74,68,83,79
84,49,63,55,53,86,85,88,81,72,85,82,83,87,83,89,80,73,83,53,85,64,83,Henrikh Mkhitaryan,72,75,69,73,68
72,65,85,64,77,86,77,68,63,58,88,66,77,80,82,85,61,68,64,69,83,68,82,André Filipe Tavares Gomes,55,73,81,85,76
73,28,91,34,39,79,85,58,81,60,65,76,88,83,58,82,63,88,52,82,74,59,84,Diego da Silva Costa,76,69,93,48,40
74,24,74,27,45,80,90,82,84,88,75,78,87,85,75,79,70,84,59,88,77,74,84,Edinson Cavani,82,78,82,50,48
67,84,74,85,87,58,86,71,51,75,79,65,51,76,63,82,63,42,78,68,68,50,83,Javier Mascherano,60,55,89,75,92
72,23,56,29,30,85,68,92,80,66,91,65,81,71,83,90,85,70,88,54,92,77,84,David Josué Jimenez Silva,77,74,51,78,41
79,13,78,12,15,83,74,77,79,70,86,82,87,83,79,87,75,88,60,78,85,73,83,Karim Benzema,82,78,65,47,22
67,52,63,53,65,84,76,71,80,51,87,65,80,84,88,87,81,83,66,49,87,84,79,Ivan Rakitić,78,88,67,92,69
86,37,64,56,59,87,78,90,77,72,83,88,83,87,83,87,90,75,79,53,85,72,81,Ángel Di María,73,79,76,82,38
86,82,67,84,84,82,88,83,68,82,84,86,77,83,78,84,82,63,77,76,78,83,84,David Alaba,80,83,69,80,86
93,25,63,22,27,93,74,92,79,59,82,87,84,79,82,90,80,80,90,57,86,79,85,Eden Hazard,86,82,54,78,41
74,57,59,56,57,90,64,82,74,54,92,73,85,65,80,93,79,73,86,54,94,70,88,Andrés Iniesta Luján,71,74,58,86,68
89,30,64,46,36,86,72,87,88,70,86,91,86,87,90,85,83,83,82,51,84,84,87,Marco Reus,84,85,47,79,50
69,86,59,95,87,82,79,82,66,72,86,68,69,57,77,86,84,47,93,63,82,59,91,Philipp Lahm,71,65,58,79,93
65,88,84,90,89,58,64,63,23,76,67,75,40,63,44,58,46,46,49,82,48,47,84,Képler Laveran Lima Ferreira,57,56,94,61,88
78,12,85,18,22,84,73,74,86,75,72,82,92,85,69,85,68,91,60,80,70,62,86,Gonzalo Higuaín,70,82,50,58,20
69,92,91,90,92,56,69,61,45,89,55,78,28,78,60,55,56,33,69,80,50,31,78,Giorgio Chiellini,50,49,90,55,88
62,87,80,89,86,53,69,63,47,89,79,67,48,67,49,76,55,42,58,92,52,51,85,Diego Godín,50,43,86,70,88
87,23,61,11,22,87,75,90,87,83,79,86,91,81,84,86,82,88,80,80,76,75,90,Antoine Griezmann,71,82,69,75,35
Acceleration,Marking,Strength,SlidingTackle,StandingTackle,Dribbling,Stamina,Agility,Volleys,Jumping,ShortPassing,SprintSpeed,Positioning,ShotPower,Curve,BallControl,Crossing,Finishing,Balance,Heading,Vision,FreeKick,Reactions,name,Penalties,LongShots,Aggression,LongPassing,Interceptions
91,22,80,23,31,93,92,90,88,95,82,92,94,94,81,92,84,93,63,87,85,77,96,C. Ronaldo dos Santos Aveiro,85,92,63,72,29
69,15,93,27,41,87,75,86,93,72,84,74,86,93,80,90,76,90,41,76,83,80,85,Zlatan Ibrahimović,91,88,84,76,20
92,13,73,12,20,89,74,86,85,80,79,86,91,87,82,89,70,90,90,68,83,72,88,Sergio Agüero,83,84,57,63,24
74,91,91,91,94,67,75,58,53,76,75,83,47,79,56,73,69,34,54,87,76,31,84,Jérôme Boateng,46,58,83,80,85
79,25,84,19,42,85,79,78,86,84,83,82,89,86,77,87,62,91,79,85,78,68,88,Robert Lewandowski,78,82,80,65,39
77,66,58,73,80,86,83,93,74,67,92,71,79,73,79,92,78,71,94,55,90,77,88,Luka Modrić,80,82,62,83,76
77,22,56,19,16,86,68,84,77,52,89,68,84,70,84,90,80,75,70,54,93,79,87,Mesut Özil,67,76,54,84,24
93,51,80,52,55,89,78,77,76,79,86,95,86,91,86,88,87,87,65,82,79,85,87,Gareth Bale,76,90,65,80,59
93,21,49,33,24,96,70,96,83,61,81,90,90,78,78,95,75,89,82,62,80,79,88,Neymar da Silva Santos Jr.,81,77,56,75,36
88,30,76,38,45,86,89,86,88,69,83,77,92,87,86,91,77,94,60,77,84,84,93,Luis Suárez,85,86,78,64,41
92,13,59,26,28,97,74,90,85,68,88,87,93,83,89,95,77,95,95,71,90,90,95,Lionel Messi,74,88,48,87,22
93,25,63,22,27,93,74,92,79,59,82,87,84,79,82,90,80,80,90,57,86,79,85,Eden Hazard,86,82,54,78,41
78,12,85,18,22,84,73,74,86,75,72,82,92,85,69,85,68,91,60,80,70,62,86,Gonzalo Higuaín,70,82,50,58,20
87,23,61,11,22,87,75,90,87,83,79,86,91,81,84,86,82,88,80,80,76,75,90,Antoine Griezmann,71,82,69,75,35
65,88,84,90,89,58,64,63,23,76,67,75,40,63,44,58,46,46,49,82,48,47,84,Képler Laveran Lima Ferreira,57,56,94,61,88
69,92,91,90,92,56,69,61,45,89,55,78,28,78,60,55,56,33,69,80,50,31,78,Giorgio Chiellini,50,49,90,55,88
69,90,87,90,90,60,66,60,35,85,65,79,28,54,50,65,40,27,64,76,58,31,82,Andrea Barzagli,60,39,74,65,92
77,80,77,87,84,83,82,77,54,77,81,80,69,83,80,87,87,67,82,70,75,67,85,Marcelo Vieira da Silva,59,66,84,76,83
74,89,81,89,90,62,65,62,51,82,65,76,43,70,32,67,48,43,58,84,53,39,82,João Miranda de Souza Filho,49,41,83,65,88
93,81,66,83,84,80,90,90,60,81,79,93,77,64,77,84,83,73,86,63,68,64,82,Jordi Alba Ramos,59,66,75,70,83
54,86,83,84,87,59,69,58,57,74,83,67,58,62,58,76,57,64,44,82,62,43,81,Gerard Piqué Bernabeu,69,51,68,80,88
77,56,60,48,62,86,72,85,72,71,86,66,82,78,86,87,85,77,91,58,85,78,85,Santiago Cazorla González,80,82,64,84,55
79,29,76,45,48,88,74,78,79,48,87,75,80,78,90,90,87,76,80,59,88,91,76,Dimitri Payet,76,83,57,85,42
95,28,77,36,25,81,79,80,84,76,77,96,87,79,78,81,77,88,66,78,77,74,86,Pierre-Emerick Aubameyang,84,78,45,64,48
77,72,72,78,78,82,82,81,76,67,87,77,82,82,78,85,76,65,76,68,84,78,86,Claudio Marchisio,78,82,78,85,82
65,62,64,62,63,80,80,65,81,68,92,62,80,77,77,87,86,76,77,74,91,81,83,Francesc Fàbregas i Soler,80,75,45,91,50
79,76,77,84,89,76,93,75,78,82,84,76,80,84,76,83,76,77,77,81,80,68,89,Arturo Vidal,84,85,91,82,89
53,83,77,80,86,74,88,58,44,66,89,33,77,61,66,82,62,60,55,68,85,68,83,Sergio Busquets Burgos,60,54,86,79,87
88,30,66,35,39,89,85,90,78,85,80,84,85,82,78,86,80,83,87,65,82,78,84,Alexis Sánchez,77,80,80,73,42
87,29,65,26,26,91,68,89,86,61,84,86,85,86,86,89,80,84,91,51,83,83,87,Arjen Robben,80,88,47,71,39
76,31,68,44,41,75,90,77,83,81,81,79,96,77,81,82,74,89,72,82,81,59,92,Thomas Müller,60,80,57,68,58
64,84,85,88,88,68,73,60,55,85,75,74,38,74,56,75,44,37,54,84,74,61,84,Leonardo Bonucci,70,65,82,83,90
62,85,86,86,91,68,67,64,60,68,77,65,56,71,65,77,64,55,58,90,79,53,85,Mats Hummels,68,51,67,82,90
77,25,70,30,42,87,68,82,91,54,84,75,83,86,87,85,88,82,73,62,88,86,84,James Rodríguez,81,91,65,80,55
72,23,56,29,30,85,68,92,80,66,91,65,81,71,83,90,85,70,88,54,92,77,84,David Josué Jimenez Silva,77,74,51,78,41
79,13,78,12,15,83,74,77,79,70,86,82,87,83,79,87,75,88,60,78,85,73,83,Karim Benzema,82,78,65,47,22
67,52,63,53,65,84,76,71,80,51,87,65,80,84,88,87,81,83,66,49,87,84,79,Ivan Rakitić,78,88,67,92,69
86,37,64,56,59,87,78,90,77,72,83,88,83,87,83,87,90,75,79,53,85,72,81,Ángel Di María,73,79,76,82,38
68,86,88,87,90,64,68,60,46,73,65,69,41,76,61,68,61,45,42,84,59,52,84,Vincent Kompany,63,55,81,66,78
86,82,67,84,84,82,88,83,68,82,84,86,77,83,78,84,82,63,77,76,78,83,84,David Alaba,80,83,69,80,86
73,28,91,34,39,79,85,58,81,60,65,76,88,83,58,82,63,88,52,82,74,59,84,Diego da Silva Costa,76,69,93,48,40
67,84,74,85,87,58,86,71,51,75,79,65,51,76,63,82,63,42,78,68,68,50,83,Javier Mascherano,60,55,89,75,92
77,85,74,86,83,77,91,74,56,62,78,83,71,71,74,81,84,59,60,68,70,75,83,Filipe Luís Kasmirski,65,60,81,77,82
63,85,81,83,88,61,75,60,38,82,77,69,56,86,63,70,64,45,49,82,60,69,84,Toby Alderweireld,60,66,79,81,86
85,30,50,43,42,87,71,89,81,68,84,80,79,72,88,86,86,73,81,54,85,72,84,Nicolás Gaitán,71,74,57,78,40
92,43,61,51,62,87,86,87,59,46,82,86,78,71,80,86,75,75,82,29,83,85,81,Willian Borges da Silva,60,80,44,77,55
75,56,69,56,69,83,79,76,79,72,87,77,84,76,80,86,78,78,63,74,86,72,85,Marek Hamšik,70,79,56,81,68
74,24,74,27,45,80,90,82,84,88,75,78,87,85,75,79,70,84,59,88,77,74,84,Edinson Cavani,82,78,82,50,48
72,49,68,51,59,89,75,85,78,49,87,75,81,78,83,87,78,75,58,63,88,69,84,Javier Pastore,75,78,65,83,69
86,25,57,21,27,89,76,92,71,59,80,79,81,76,78,88,83,80,80,45,83,70,75,Riyad Mahrez,71,74,39,76,38
58,86,84,85,88,55,73,49,40,77,73,71,54,70,62,71,58,45,55,85,52,77,82,Aymeric Laporte,35,47,72,78,85
84,49,63,55,53,86,85,88,81,72,85,82,83,87,83,89,80,73,83,53,85,64,83,Henrikh Mkhitaryan,72,75,69,73,68
74,58,65,64,68,83,79,78,71,61,89,74,76,79,86,89,80,70,78,60,88,91,84,Miralem Pjanić,79,84,62,85,68
79,83,75,85,87,62,73,70,35,86,75,78,31,54,22,67,54,32,62,84,56,49,78,Laurent Koscielny,51,47,90,67,85
77,57,74,64,64,87,73,85,75,62,90,74,77,77,81,88,74,67,83,49,87,74,87,İlkay Gündoğan,76,74,68,83,79
84,70,57,86,83,81,78,81,68,78,80,89,63,87,77,85,80,60,80,71,67,74,82,Daniel Alves da Silva,70,77,85,76,83
69,41,84,38,36,77,84,74,70,70,75,77,85,85,71,82,69,88,62,82,72,66,84,Harry Kane,82,78,74,63,35
63,85,81,84,84,60,69,65,38,82,74,67,51,62,38,70,58,48,61,83,57,52,82,Benedikt Höwedes,56,31,79,64,85
78,38,52,22,54,84,87,77,69,57,85,74,79,78,85,86,84,75,81,52,85,87,81,Christian Eriksen,67,79,44,82,45
76,27,93,30,30,76,80,62,73,71,67,86,84,88,64,78,68,84,48,83,69,66,77,Romelu Lukaku,80,76,72,58,27
85,12,76,14,16,82,74,81,82,77,72,85,87,78,70,81,60,88,75,74,66,58,82,Carlos Bacca,76,70,68,50,34
74,50,75,51,57,80,81,77,56,61,85,69,80,84,85,86,84,71,78,62,89,76,84,Jorge Resurrección,59,81,68,87,58
73,16,65,23,29,90,65,86,87,62,85,67,82,68,80,90,77,75,84,49,82,73,83,Mario Götze,65,56,48,60,53
69,62,69,68,74,81,92,77,79,65,85,69,83,81,70,84,75,76,75,58,81,70,82,Aaron Ramsey,75,75,74,80,73
72,87,86,86,88,58,74,63,46,83,64,83,50,79,37,58,47,44,67,84,52,35,79,Sokratis Papastathopoulos,38,44,85,61,78
69,63,91,75,76,79,80,60,68,65,86,78,80,86,80,82,67,82,55,74,85,85,82,Yaya Touré,85,85,78,83,60
49,80,84,87,86,62,62,54,61,70,76,54,57,76,61,71,60,55,58,86,74,45,82,Javier Martínez Aginaga,52,63,87,76,84
67,83,84,85,86,60,62,53,60,43,74,76,53,92,52,68,45,57,42,93,59,76,83,Ronaldo Aparecido Rodrigues,60,82,73,70,88
69,46,82,49,44,79,66,53,84,93,71,71,86,83,61,80,54,85,57,94,73,54,85,Aritz Aduriz Zubeldia,75,80,82,52,23
32,70,74,71,77,75,63,54,71,46,91,33,77,83,82,83,79,56,67,72,87,84,82,Xabier Alonso Olano,80,82,78,92,86
78,54,70,65,63,87,74,86,80,79,85,68,82,73,81,88,82,72,77,70,86,64,81,Arda Turan,73,77,80,81,61
66,76,90,78,84,72,90,57,74,71,82,68,68,78,68,79,68,64,53,77,77,67,82,Nemanja Matić,69,75,83,80,86
50,88,85,82,87,62,80,57,46,71,72,54,49,76,55,73,62,48,38,86,63,74,77,Ezequiel Garay,66,60,74,75,87
88,15,73,12,24,84,72,78,76,74,75,89,84,83,62,81,62,85,64,73,74,68,82,Daniel Sturridge,75,83,60,62,22
73,23,61,25,36,84,74,82,85,69,78,71,87,80,85,88,74,87,67,82,83,77,85,Jonas Gonçalves Oliveira,83,84,61,73,34
75,25,43,21,28,83,74,89,71,72,86,63,82,74,83,86,83,77,89,63,87,83,85,Juan Manuel Mata García,81,70,52,77,39
48,71,76,69,75,70,79,55,50,33,85,54,78,88,68,80,68,49,62,62,86,70,86,Granit Xhaka,59,85,89,89,76
77,25,67,26,35,88,69,83,84,76,84,77,80,84,78,85,78,77,75,65,81,72,83,Julian Draxler,63,83,48,75,36
53,78,88,75,87,78,87,49,56,67,83,54,65,65,62,79,57,55,46,74,77,44,75,William Silva de Carvalho,56,64,80,85,86
72,65,85,64,77,86,77,68,63,58,88,66,77,80,82,85,61,68,64,69,83,68,82,André Filipe Tavares Gomes,55,73,81,85,76
89,24,56,35,38,87,73,91,75,59,85,77,76,79,84,88,74,70,91,47,87,74,75,Philippe Coutinho Correia,64,80,35,78,30
84,23,77,30,29,85,80,87,82,78,80,87,86,81,74,83,70,86,84,76,77,73,84,Alexandre Lacazette,82,74,70,68,40
91,14,65,20,20,90,81,91,82,75,78,85,85,80,86,91,78,89,85,64,79,82,82,Paulo Dybala,82,86,48,58,24
72,78,56,74,82,88,77,87,64,64,90,64,71,66,73,85,72,52,94,55,84,64,87,Marco Verratti,64,58,89,87,83
68,83,82,86,86,41,78,71,56,90,64,75,49,69,50,60,52,53,62,86,45,39,79,Nicolás Otamendi,44,56,85,66,86
79,83,78,83,85,73,94,77,72,83,84,79,70,74,65,79,75,65,79,73,77,52,86,Blaise Matuidi,56,66,85,79,87
85,13,60,26,25,90,64,90,80,50,86,79,81,76,83,90,81,76,91,41,86,81,86,Franck Ribéry,80,73,52,75,36
74,57,59,56,57,90,64,82,74,54,92,73,85,65,80,93,79,73,86,54,94,70,88,Andrés Iniesta Luján,71,74,58,86,68
89,30,64,46,36,86,72,87,88,70,86,91,86,87,90,85,83,83,82,51,84,84,87,Marco Reus,84,85,47,79,50
62,87,80,89,86,53,69,63,47,89,79,67,48,67,49,76,55,42,58,92,52,51,85,Diego Godín,50,43,86,70,88
55,63,74,65,75,78,78,70,82,34,89,37,76,87,84,85,84,75,62,54,88,83,85,Toni Kroos,73,88,60,93,77
69,86,59,95,87,82,79,82,66,72,86,68,69,57,77,86,84,47,93,63,82,59,91,Philipp Lahm,71,65,58,79,93
75,68,91,78,74,89,91,79,84,85,86,79,84,90,82,90,78,71,61,72,86,82,86,Paul Pogba,76,90,72,82,70
76,30,73,40,39,85,85,78,82,65,88,78,83,84,78,86,90,82,75,53,88,77,87,Kevin De Bruyne,77,85,68,82,52
77,85,81,90,89,61,84,80,66,92,76,78,52,79,73,83,66,60,60,86,63,67,82,Sergio Ramos García,68,55,84,70,88
72,90,81,89,91,68,74,75,63,93,79,76,59,78,61,80,60,38,68,82,74,73,84,Thiago Emiliano da Silva,71,71,77,81,91
Acceleration,Marking,Strength,SlidingTackle,StandingTackle,Dribbling,Stamina,Agility,Volleys,Jumping,ShortPassing,SprintSpeed,Positioning,ShotPower,Curve,BallControl,Crossing,Finishing,Balance,Heading,Vision,FreeKick,Reactions,name,Penalties,LongShots,Aggression,LongPassing,Interceptions
91,22,80,23,31,93,92,90,88,95,82,92,94,94,81,92,84,93,63,87,85,77,96,C. Ronaldo dos Santos Aveiro,85,92,63,72,29
69,15,93,27,41,87,75,86,93,72,84,74,86,93,80,90,76,90,41,76,83,80,85,Zlatan Ibrahimović,91,88,84,76,20
74,91,91,91,94,67,75,58,53,76,75,83,47,79,56,73,69,34,54,87,76,31,84,Jérôme Boateng,46,58,83,80,85
88,30,76,38,45,86,89,86,88,69,83,77,92,87,86,91,77,94,60,77,84,84,93,Luis Suárez,85,86,78,64,41
93,51,80,52,55,89,78,77,76,79,86,95,86,91,86,88,87,87,65,82,79,85,87,Gareth Bale,76,90,65,80,59
92,13,59,26,28,97,74,90,85,68,88,87,93,83,89,95,77,95,95,71,90,90,95,Lionel Messi,74,88,48,87,22
79,25,84,19,42,85,79,78,86,84,83,82,89,86,77,87,62,91,79,85,78,68,88,Robert Lewandowski,78,82,80,65,39
93,21,49,33,24,96,70,96,83,61,81,90,90,78,78,95,75,89,82,62,80,79,88,Neymar da Silva Santos Jr.,81,77,56,75,36
77,66,58,73,80,86,83,93,74,67,92,71,79,73,79,92,78,71,94,55,90,77,88,Luka Modrić,80,82,62,83,76
78,12,85,18,22,84,73,74,86,75,72,82,92,85,69,85,68,91,60,80,70,62,86,Gonzalo Higuaín,70,82,50,58,20
77,22,56,19,16,86,68,84,77,52,89,68,84,70,84,90,80,75,70,54,93,79,87,Mesut Özil,67,76,54,84,24
92,13,73,12,20,89,74,86,85,80,79,86,91,87,82,89,70,90,90,68,83,72,88,Sergio Agüero,83,84,57,63,24
65,88,84,90,89,58,64,63,23,76,67,75,40,63,44,58,46,46,49,82,48,47,84,Képler Laveran Lima Ferreira,57,56,94,61,88
69,92,91,90,92,56,69,61,45,89,55,78,28,78,60,55,56,33,69,80,50,31,78,Giorgio Chiellini,50,49,90,55,88
93,25,63,22,27,93,74,92,79,59,82,87,84,79,82,90,80,80,90,57,86,79,85,Eden Hazard,86,82,54,78,41
87,23,61,11,22,87,75,90,87,83,79,86,91,81,84,86,82,88,80,80,76,75,90,Antoine Griezmann,71,82,69,75,35
77,80,77,87,84,83,82,77,54,77,81,80,69,83,80,87,87,67,82,70,75,67,85,Marcelo Vieira da Silva,59,66,84,76,83
95,28,77,36,25,81,79,80,84,76,77,96,87,79,78,81,77,88,66,78,77,74,86,Pierre-Emerick Aubameyang,84,78,45,64,48
79,29,76,45,48,88,74,78,79,48,87,75,80,78,90,90,87,76,80,59,88,91,76,Dimitri Payet,76,83,57,85,42
54,86,83,84,87,59,69,58,57,74,83,67,58,62,58,76,57,64,44,82,62,43,81,Gerard Piqué Bernabeu,69,51,68,80,88
69,90,87,90,90,60,66,60,35,85,65,79,28,54,50,65,40,27,64,76,58,31,82,Andrea Barzagli,60,39,74,65,92
74,89,81,89,90,62,65,62,51,82,65,76,43,70,32,67,48,43,58,84,53,39,82,João Miranda de Souza Filho,49,41,83,65,88
93,81,66,83,84,80,90,90,60,81,79,93,77,64,77,84,83,73,86,63,68,64,82,Jordi Alba Ramos,59,66,75,70,83
77,56,60,48,62,86,72,85,72,71,86,66,82,78,86,87,85,77,91,58,85,78,85,Santiago Cazorla González,80,82,64,84,55
65,62,64,62,63,80,80,65,81,68,92,62,80,77,77,87,86,76,77,74,91,81,83,Francesc Fàbregas i Soler,80,75,45,91,50
77,72,72,78,78,82,82,81,76,67,87,77,82,82,78,85,76,65,76,68,84,78,86,Claudio Marchisio,78,82,78,85,82
79,76,77,84,89,76,93,75,78,82,84,76,80,84,76,83,76,77,77,81,80,68,89,Arturo Vidal,84,85,91,82,89
64,84,85,88,88,68,73,60,55,85,75,74,38,74,56,75,44,37,54,84,74,61,84,Leonardo Bonucci,70,65,82,83,90
76,31,68,44,41,75,90,77,83,81,81,79,96,77,81,82,74,89,72,82,81,59,92,Thomas Müller,60,80,57,68,58
87,29,65,26,26,91,68,89,86,61,84,86,85,86,86,89,80,84,91,51,83,83,87,Arjen Robben,80,88,47,71,39
88,30,66,35,39,89,85,90,78,85,80,84,85,82,78,86,80,83,87,65,82,78,84,Alexis Sánchez,77,80,80,73,42
53,83,77,80,86,74,88,58,44,66,89,33,77,61,66,82,62,60,55,68,85,68,83,Sergio Busquets Burgos,60,54,86,79,87
77,57,74,64,64,87,73,85,75,62,90,74,77,77,81,88,74,67,83,49,87,74,87,İlkay Gündoğan,76,74,68,83,79
74,58,65,64,68,83,79,78,71,61,89,74,76,79,86,89,80,70,78,60,88,91,84,Miralem Pjanić,79,84,62,85,68
84,70,57,86,83,81,78,81,68,78,80,89,63,87,77,85,80,60,80,71,67,74,82,Daniel Alves da Silva,70,77,85,76,83
79,83,75,85,87,62,73,70,35,86,75,78,31,54,22,67,54,32,62,84,56,49,78,Laurent Koscielny,51,47,90,67,85
91,14,65,20,20,90,81,91,82,75,78,85,85,80,86,91,78,89,85,64,79,82,82,Paulo Dybala,82,86,48,58,24
75,56,69,56,69,83,79,76,79,72,87,77,84,76,80,86,78,78,63,74,86,72,85,Marek Hamšik,70,79,56,81,68
92,43,61,51,62,87,86,87,59,46,82,86,78,71,80,86,75,75,82,29,83,85,81,Willian Borges da Silva,60,80,44,77,55
84,49,63,55,53,86,85,88,81,72,85,82,83,87,83,89,80,73,83,53,85,64,83,Henrikh Mkhitaryan,72,75,69,73,68
49,80,84,87,86,62,62,54,61,70,76,54,57,76,61,71,60,55,58,86,74,45,82,Javier Martínez Aginaga,52,63,87,76,84
72,87,86,86,88,58,74,63,46,83,64,83,50,79,37,58,47,44,67,84,52,35,79,Sokratis Papastathopoulos,38,44,85,61,78
32,70,74,71,77,75,63,54,71,46,91,33,77,83,82,83,79,56,67,72,87,84,82,Xabier Alonso Olano,80,82,78,92,86
66,76,90,78,84,72,90,57,74,71,82,68,68,78,68,79,68,64,53,77,77,67,82,Nemanja Matić,69,75,83,80,86
78,54,70,65,63,87,74,86,80,79,85,68,82,73,81,88,82,72,77,70,86,64,81,Arda Turan,73,77,80,81,61
69,63,91,75,76,79,80,60,68,65,86,78,80,86,80,82,67,82,55,74,85,85,82,Yaya Touré,85,85,78,83,60
67,83,84,85,86,60,62,53,60,43,74,76,53,92,52,68,45,57,42,93,59,76,83,Ronaldo Aparecido Rodrigues,60,82,73,70,88
85,12,76,14,16,82,74,81,82,77,72,85,87,78,70,81,60,88,75,74,66,58,82,Carlos Bacca,76,70,68,50,34
73,16,65,23,29,90,65,86,87,62,85,67,82,68,80,90,77,75,84,49,82,73,83,Mario Götze,65,56,48,60,53
69,46,82,49,44,79,66,53,84,93,71,71,86,83,61,80,54,85,57,94,73,54,85,Aritz Aduriz Zubeldia,75,80,82,52,23
88,15,73,12,24,84,72,78,76,74,75,89,84,83,62,81,62,85,64,73,74,68,82,Daniel Sturridge,75,83,60,62,22
75,25,43,21,28,83,74,89,71,72,86,63,82,74,83,86,83,77,89,63,87,83,85,Juan Manuel Mata García,81,70,52,77,39
50,88,85,82,87,62,80,57,46,71,72,54,49,76,55,73,62,48,38,86,63,74,77,Ezequiel Garay,66,60,74,75,87
73,23,61,25,36,84,74,82,85,69,78,71,87,80,85,88,74,87,67,82,83,77,85,Jonas Gonçalves Oliveira,83,84,61,73,34
69,41,84,38,36,77,84,74,70,70,75,77,85,85,71,82,69,88,62,82,72,66,84,Harry Kane,82,78,74,63,35
53,78,88,75,87,78,87,49,56,67,83,54,65,65,62,79,57,55,46,74,77,44,75,William Silva de Carvalho,56,64,80,85,86
77,25,67,26,35,88,69,83,84,76,84,77,80,84,78,85,78,77,75,65,81,72,83,Julian Draxler,63,83,48,75,36
48,71,76,69,75,70,79,55,50,33,85,54,78,88,68,80,68,49,62,62,86,70,86,Granit Xhaka,59,85,89,89,76
69,62,69,68,74,81,92,77,79,65,85,69,83,81,70,84,75,76,75,58,81,70,82,Aaron Ramsey,75,75,74,80,73
76,27,93,30,30,76,80,62,73,71,67,86,84,88,64,78,68,84,48,83,69,66,77,Romelu Lukaku,80,76,72,58,27
74,50,75,51,57,80,81,77,56,61,85,69,80,84,85,86,84,71,78,62,89,76,84,Jorge Resurrección,59,81,68,87,58
63,85,81,84,84,60,69,65,38,82,74,67,51,62,38,70,58,48,61,83,57,52,82,Benedikt Höwedes,56,31,79,64,85
78,38,52,22,54,84,87,77,69,57,85,74,79,78,85,86,84,75,81,52,85,87,81,Christian Eriksen,67,79,44,82,45
72,78,56,74,82,88,77,87,64,64,90,64,71,66,73,85,72,52,94,55,84,64,87,Marco Verratti,64,58,89,87,83
72,49,68,51,59,89,75,85,78,49,87,75,81,78,83,87,78,75,58,63,88,69,84,Javier Pastore,75,78,65,83,69
58,86,84,85,88,55,73,49,40,77,73,71,54,70,62,71,58,45,55,85,52,77,82,Aymeric Laporte,35,47,72,78,85
89,24,56,35,38,87,73,91,75,59,85,77,76,79,84,88,74,70,91,47,87,74,75,Philippe Coutinho Correia,64,80,35,78,30
72,65,85,64,77,86,77,68,63,58,88,66,77,80,82,85,61,68,64,69,83,68,82,André Filipe Tavares Gomes,55,73,81,85,76
84,23,77,30,29,85,80,87,82,78,80,87,86,81,74,83,70,86,84,76,77,73,84,Alexandre Lacazette,82,74,70,68,40
68,83,82,86,86,41,78,71,56,90,64,75,49,69,50,60,52,53,62,86,45,39,79,Nicolás Otamendi,44,56,85,66,86
86,25,57,21,27,89,76,92,71,59,80,79,81,76,78,88,83,80,80,45,83,70,75,Riyad Mahrez,71,74,39,76,38
73,28,91,34,39,79,85,58,81,60,65,76,88,83,58,82,63,88,52,82,74,59,84,Diego da Silva Costa,76,69,93,48,40
67,84,74,85,87,58,86,71,51,75,79,65,51,76,63,82,63,42,78,68,68,50,83,Javier Mascherano,60,55,89,75,92
77,85,74,86,83,77,91,74,56,62,78,83,71,71,74,81,84,59,60,68,70,75,83,Filipe Luís Kasmirski,65,60,81,77,82
63,85,81,83,88,61,75,60,38,82,77,69,56,86,63,70,64,45,49,82,60,69,84,Toby Alderweireld,60,66,79,81,86
85,30,50,43,42,87,71,89,81,68,84,80,79,72,88,86,86,73,81,54,85,72,84,Nicolás Gaitán,71,74,57,78,40
79,83,78,83,85,73,94,77,72,83,84,79,70,74,65,79,75,65,79,73,77,52,86,Blaise Matuidi,56,66,85,79,87
85,13,60,26,25,90,64,90,80,50,86,79,81,76,83,90,81,76,91,41,86,81,86,Franck Ribéry,80,73,52,75,36
74,24,74,27,45,80,90,82,84,88,75,78,87,85,75,79,70,84,59,88,77,74,84,Edinson Cavani,82,78,82,50,48
86,82,67,84,84,82,88,83,68,82,84,86,77,83,78,84,82,63,77,76,78,83,84,David Alaba,80,83,69,80,86
77,25,70,30,42,87,68,82,91,54,84,75,83,86,87,85,88,82,73,62,88,86,84,James Rodríguez,81,91,65,80,55
79,13,78,12,15,83,74,77,79,70,86,82,87,83,79,87,75,88,60,78,85,73,83,Karim Benzema,82,78,65,47,22
67,52,63,53,65,84,76,71,80,51,87,65,80,84,88,87,81,83,66,49,87,84,79,Ivan Rakitić,78,88,67,92,69
68,86,88,87,90,64,68,60,46,73,65,69,41,76,61,68,61,45,42,84,59,52,84,Vincent Kompany,63,55,81,66,78
62,85,86,86,91,68,67,64,60,68,77,65,56,71,65,77,64,55,58,90,79,53,85,Mats Hummels,68,51,67,82,90
72,23,56,29,30,85,68,92,80,66,91,65,81,71,83,90,85,70,88,54,92,77,84,David Josué Jimenez Silva,77,74,51,78,41
86,37,64,56,59,87,78,90,77,72,83,88,83,87,83,87,90,75,79,53,85,72,81,Ángel Di María,73,79,76,82,38
74,57,59,56,57,90,64,82,74,54,92,73,85,65,80,93,79,73,86,54,94,70,88,Andrés Iniesta Luján,71,74,58,86,68
62,87,80,89,86,53,69,63,47,89,79,67,48,67,49,76,55,42,58,92,52,51,85,Diego Godín,50,43,86,70,88
69,86,59,95,87,82,79,82,66,72,86,68,69,57,77,86,84,47,93,63,82,59,91,Philipp Lahm,71,65,58,79,93
77,85,81,90,89,61,84,80,66,92,76,78,52,79,73,83,66,60,60,86,63,67,82,Sergio Ramos García,68,55,84,70,88
76,30,73,40,39,85,85,78,82,65,88,78,83,84,78,86,90,82,75,53,88,77,87,Kevin De Bruyne,77,85,68,82,52
55,63,74,65,75,78,78,70,82,34,89,37,76,87,84,85,84,75,62,54,88,83,85,Toni Kroos,73,88,60,93,77
75,68,91,78,74,89,91,79,84,85,86,79,84,90,82,90,78,71,61,72,86,82,86,Paul Pogba,76,90,72,82,70
89,30,64,46,36,86,72,87,88,70,86,91,86,87,90,85,83,83,82,51,84,84,87,Marco Reus,84,85,47,79,50
72,90,81,89,91,68,74,75,63,93,79,76,59,78,61,80,60,38,68,82,74,73,84,Thiago Emiliano da Silva,71,71,77,81,91
Acceleration,Marking,Strength,SlidingTackle,StandingTackle,Dribbling,Stamina,Agility,Volleys,Jumping,ShortPassing,SprintSpeed,Positioning,ShotPower,Curve,BallControl,Crossing,Finishing,Balance,Heading,Vision,FreeKick,Reactions,name,Penalties,LongShots,Aggression,LongPassing,Interceptions
91,22,80,23,31,93,92,90,88,95,82,92,94,94,81,92,84,93,63,87,85,77,96,C. Ronaldo dos Santos Aveiro,85,92,63,72,29
69,15,93,27,41,87,75,86,93,72,84,74,86,93,80,90,76,90,41,76,83,80,85,Zlatan Ibrahimović,91,88,84,76,20
74,91,91,91,94,67,75,58,53,76,75,83,47,79,56,73,69,34,54,87,76,31,84,Jérôme Boateng,46,58,83,80,85
77,22,56,19,16,86,68,84,77,52,89,68,84,70,84,90,80,75,70,54,93,79,87,Mesut Özil,67,76,54,84,24
93,51,80,52,55,89,78,77,76,79,86,95,86,91,86,88,87,87,65,82,79,85,87,Gareth Bale,76,90,65,80,59
79,25,84,19,42,85,79,78,86,84,83,82,89,86,77,87,62,91,79,85,78,68,88,Robert Lewandowski,78,82,80,65,39
93,21,49,33,24,96,70,96,83,61,81,90,90,78,78,95,75,89,82,62,80,79,88,Neymar da Silva Santos Jr.,81,77,56,75,36
92,13,73,12,20,89,74,86,85,80,79,86,91,87,82,89,70,90,90,68,83,72,88,Sergio Agüero,83,84,57,63,24
92,13,59,26,28,97,74,90,85,68,88,87,93,83,89,95,77,95,95,71,90,90,95,Lionel Messi,74,88,48,87,22
88,30,76,38,45,86,89,86,88,69,83,77,92,87,86,91,77,94,60,77,84,84,93,Luis Suárez,85,86,78,64,41
75,68,91,78,74,89,91,79,84,85,86,79,84,90,82,90,78,71,61,72,86,82,86,Paul Pogba,76,90,72,82,70
77,85,81,90,89,61,84,80,66,92,76,78,52,79,73,83,66,60,60,86,63,67,82,Sergio Ramos García,68,55,84,70,88
87,23,61,11,22,87,75,90,87,83,79,86,91,81,84,86,82,88,80,80,76,75,90,Antoine Griezmann,71,82,69,75,35
55,63,74,65,75,78,78,70,82,34,89,37,76,87,84,85,84,75,62,54,88,83,85,Toni Kroos,73,88,60,93,77
76,30,73,40,39,85,85,78,82,65,88,78,83,84,78,86,90,82,75,53,88,77,87,Kevin De Bruyne,77,85,68,82,52
72,90,81,89,91,68,74,75,63,93,79,76,59,78,61,80,60,38,68,82,74,73,84,Thiago Emiliano da Silva,71,71,77,81,91
77,56,60,48,62,86,72,85,72,71,86,66,82,78,86,87,85,77,91,58,85,78,85,Santiago Cazorla González,80,82,64,84,55
69,90,87,90,90,60,66,60,35,85,65,79,28,54,50,65,40,27,64,76,58,31,82,Andrea Barzagli,60,39,74,65,92
77,80,77,87,84,83,82,77,54,77,81,80,69,83,80,87,87,67,82,70,75,67,85,Marcelo Vieira da Silva,59,66,84,76,83
54,86,83,84,87,59,69,58,57,74,83,67,58,62,58,76,57,64,44,82,62,43,81,Gerard Piqué Bernabeu,69,51,68,80,88
93,81,66,83,84,80,90,90,60,81,79,93,77,64,77,84,83,73,86,63,68,64,82,Jordi Alba Ramos,59,66,75,70,83
95,28,77,36,25,81,79,80,84,76,77,96,87,79,78,81,77,88,66,78,77,74,86,Pierre-Emerick Aubameyang,84,78,45,64,48
79,29,76,45,48,88,74,78,79,48,87,75,80,78,90,90,87,76,80,59,88,91,76,Dimitri Payet,76,83,57,85,42
74,89,81,89,90,62,65,62,51,82,65,76,43,70,32,67,48,43,58,84,53,39,82,João Miranda de Souza Filho,49,41,83,65,88
77,72,72,78,78,82,82,81,76,67,87,77,82,82,78,85,76,65,76,68,84,78,86,Claudio Marchisio,78,82,78,85,82
65,62,64,62,63,80,80,65,81,68,92,62,80,77,77,87,86,76,77,74,91,81,83,Francesc Fàbregas i Soler,80,75,45,91,50
79,76,77,84,89,76,93,75,78,82,84,76,80,84,76,83,76,77,77,81,80,68,89,Arturo Vidal,84,85,91,82,89
53,83,77,80,86,74,88,58,44,66,89,33,77,61,66,82,62,60,55,68,85,68,83,Sergio Busquets Burgos,60,54,86,79,87
88,30,66,35,39,89,85,90,78,85,80,84,85,82,78,86,80,83,87,65,82,78,84,Alexis Sánchez,77,80,80,73,42
87,29,65,26,26,91,68,89,86,61,84,86,85,86,86,89,80,84,91,51,83,83,87,Arjen Robben,80,88,47,71,39
64,84,85,88,88,68,73,60,55,85,75,74,38,74,56,75,44,37,54,84,74,61,84,Leonardo Bonucci,70,65,82,83,90
76,31,68,44,41,75,90,77,83,81,81,79,96,77,81,82,74,89,72,82,81,59,92,Thomas Müller,60,80,57,68,58
62,85,86,86,91,68,67,64,60,68,77,65,56,71,65,77,64,55,58,90,79,53,85,Mats Hummels,68,51,67,82,90
77,25,70,30,42,87,68,82,91,54,84,75,83,86,87,85,88,82,73,62,88,86,84,James Rodríguez,81,91,65,80,55
72,23,56,29,30,85,68,92,80,66,91,65,81,71,83,90,85,70,88,54,92,77,84,David Josué Jimenez Silva,77,74,51,78,41
79,13,78,12,15,83,74,77,79,70,86,82,87,83,79,87,75,88,60,78,85,73,83,Karim Benzema,82,78,65,47,22
67,52,63,53,65,84,76,71,80,51,87,65,80,84,88,87,81,83,66,49,87,84,79,Ivan Rakitić,78,88,67,92,69
86,37,64,56,59,87,78,90,77,72,83,88,83,87,83,87,90,75,79,53,85,72,81,Ángel Di María,73,79,76,82,38
68,86,88,87,90,64,68,60,46,73,65,69,41,76,61,68,61,45,42,84,59,52,84,Vincent Kompany,63,55,81,66,78
86,82,67,84,84,82,88,83,68,82,84,86,77,83,78,84,82,63,77,76,78,83,84,David Alaba,80,83,69,80,86
89,30,64,46,36,86,72,87,88,70,86,91,86,87,90,85,83,83,82,51,84,84,87,Marco Reus,84,85,47,79,50
73,28,91,34,39,79,85,58,81,60,65,76,88,83,58,82,63,88,52,82,74,59,84,Diego da Silva Costa,76,69,93,48,40
75,56,69,56,69,83,79,76,79,72,87,77,84,76,80,86,78,78,63,74,86,72,85,Marek Hamšik,70,79,56,81,68
79,83,75,85,87,62,73,70,35,86,75,78,31,54,22,67,54,32,62,84,56,49,78,Laurent Koscielny,51,47,90,67,85
74,58,65,64,68,83,79,78,71,61,89,74,76,79,86,89,80,70,78,60,88,91,84,Miralem Pjanić,79,84,62,85,68
77,85,74,86,83,77,91,74,56,62,78,83,71,71,74,81,84,59,60,68,70,75,83,Filipe Luís Kasmirski,65,60,81,77,82
74,24,74,27,45,80,90,82,84,88,75,78,87,85,75,79,70,84,59,88,77,74,84,Edinson Cavani,82,78,82,50,48
67,84,74,85,87,58,86,71,51,75,79,65,51,76,63,82,63,42,78,68,68,50,83,Javier Mascherano,60,55,89,75,92
63,85,81,83,88,61,75,60,38,82,77,69,56,86,63,70,64,45,49,82,60,69,84,Toby Alderweireld,60,66,79,81,86
91,14,65,20,20,90,81,91,82,75,78,85,85,80,86,91,78,89,85,64,79,82,82,Paulo Dybala,82,86,48,58,24
73,23,61,25,36,84,74,82,85,69,78,71,87,80,85,88,74,87,67,82,83,77,85,Jonas Gonçalves Oliveira,83,84,61,73,34
77,57,74,64,64,87,73,85,75,62,90,74,77,77,81,88,74,67,83,49,87,74,87,İlkay Gündoğan,76,74,68,83,79
92,43,61,51,62,87,86,87,59,46,82,86,78,71,80,86,75,75,82,29,83,85,81,Willian Borges da Silva,60,80,44,77,55
77,25,67,26,35,88,69,83,84,76,84,77,80,84,78,85,78,77,75,65,81,72,83,Julian Draxler,63,83,48,75,36
53,78,88,75,87,78,87,49,56,67,83,54,65,65,62,79,57,55,46,74,77,44,75,William Silva de Carvalho,56,64,80,85,86
72,65,85,64,77,86,77,68,63,58,88,66,77,80,82,85,61,68,64,69,83,68,82,André Filipe Tavares Gomes,55,73,81,85,76
84,70,57,86,83,81,78,81,68,78,80,89,63,87,77,85,80,60,80,71,67,74,82,Daniel Alves da Silva,70,77,85,76,83
84,49,63,55,53,86,85,88,81,72,85,82,83,87,83,89,80,73,83,53,85,64,83,Henrikh Mkhitaryan,72,75,69,73,68
69,41,84,38,36,77,84,74,70,70,75,77,85,85,71,82,69,88,62,82,72,66,84,Harry Kane,82,78,74,63,35
69,46,82,49,44,79,66,53,84,93,71,71,86,83,61,80,54,85,57,94,73,54,85,Aritz Aduriz Zubeldia,75,80,82,52,23
32,70,74,71,77,75,63,54,71,46,91,33,77,83,82,83,79,56,67,72,87,84,82,Xabier Alonso Olano,80,82,78,92,86
69,63,91,75,76,79,80,60,68,65,86,78,80,86,80,82,67,82,55,74,85,85,82,Yaya Touré,85,85,78,83,60
73,16,65,23,29,90,65,86,87,62,85,67,82,68,80,90,77,75,84,49,82,73,83,Mario Götze,65,56,48,60,53
49,80,84,87,86,62,62,54,61,70,76,54,57,76,61,71,60,55,58,86,74,45,82,Javier Martínez Aginaga,52,63,87,76,84
67,83,84,85,86,60,62,53,60,43,74,76,53,92,52,68,45,57,42,93,59,76,83,Ronaldo Aparecido Rodrigues,60,82,73,70,88
85,12,76,14,16,82,74,81,82,77,72,85,87,78,70,81,60,88,75,74,66,58,82,Carlos Bacca,76,70,68,50,34
88,15,73,12,24,84,72,78,76,74,75,89,84,83,62,81,62,85,64,73,74,68,82,Daniel Sturridge,75,83,60,62,22
66,76,90,78,84,72,90,57,74,71,82,68,68,78,68,79,68,64,53,77,77,67,82,Nemanja Matić,69,75,83,80,86
78,54,70,65,63,87,74,86,80,79,85,68,82,73,81,88,82,72,77,70,86,64,81,Arda Turan,73,77,80,81,61
72,87,86,86,88,58,74,63,46,83,64,83,50,79,37,58,47,44,67,84,52,35,79,Sokratis Papastathopoulos,38,44,85,61,78
75,25,43,21,28,83,74,89,71,72,86,63,82,74,83,86,83,77,89,63,87,83,85,Juan Manuel Mata García,81,70,52,77,39
63,85,81,84,84,60,69,65,38,82,74,67,51,62,38,70,58,48,61,83,57,52,82,Benedikt Höwedes,56,31,79,64,85
50,88,85,82,87,62,80,57,46,71,72,54,49,76,55,73,62,48,38,86,63,74,77,Ezequiel Garay,66,60,74,75,87
58,86,84,85,88,55,73,49,40,77,73,71,54,70,62,71,58,45,55,85,52,77,82,Aymeric Laporte,35,47,72,78,85
76,27,93,30,30,76,80,62,73,71,67,86,84,88,64,78,68,84,48,83,69,66,77,Romelu Lukaku,80,76,72,58,27
72,49,68,51,59,89,75,85,78,49,87,75,81,78,83,87,78,75,58,63,88,69,84,Javier Pastore,75,78,65,83,69
74,50,75,51,57,80,81,77,56,61,85,69,80,84,85,86,84,71,78,62,89,76,84,Jorge Resurrección,59,81,68,87,58
69,62,69,68,74,81,92,77,79,65,85,69,83,81,70,84,75,76,75,58,81,70,82,Aaron Ramsey,75,75,74,80,73
48,71,76,69,75,70,79,55,50,33,85,54,78,88,68,80,68,49,62,62,86,70,86,Granit Xhaka,59,85,89,89,76
72,78,56,74,82,88,77,87,64,64,90,64,71,66,73,85,72,52,94,55,84,64,87,Marco Verratti,64,58,89,87,83
78,38,52,22,54,84,87,77,69,57,85,74,79,78,85,86,84,75,81,52,85,87,81,Christian Eriksen,67,79,44,82,45
68,83,82,86,86,41,78,71,56,90,64,75,49,69,50,60,52,53,62,86,45,39,79,Nicolás Otamendi,44,56,85,66,86
86,25,57,21,27,89,76,92,71,59,80,79,81,76,78,88,83,80,80,45,83,70,75,Riyad Mahrez,71,74,39,76,38
89,24,56,35,38,87,73,91,75,59,85,77,76,79,84,88,74,70,91,47,87,74,75,Philippe Coutinho Correia,64,80,35,78,30
84,23,77,30,29,85,80,87,82,78,80,87,86,81,74,83,70,86,84,76,77,73,84,Alexandre Lacazette,82,74,70,68,40
85,30,50,43,42,87,71,89,81,68,84,80,79,72,88,86,86,73,81,54,85,72,84,Nicolás Gaitán,71,74,57,78,40
79,83,78,83,85,73,94,77,72,83,84,79,70,74,65,79,75,65,79,73,77,52,86,Blaise Matuidi,56,66,85,79,87
85,13,60,26,25,90,64,90,80,50,86,79,81,76,83,90,81,76,91,41,86,81,86,Franck Ribéry,80,73,52,75,36
69,86,59,95,87,82,79,82,66,72,86,68,69,57,77,86,84,47,93,63,82,59,91,Philipp Lahm,71,65,58,79,93
74,57,59,56,57,90,64,82,74,54,92,73,85,65,80,93,79,73,86,54,94,70,88,Andrés Iniesta Luján,71,74,58,86,68
78,12,85,18,22,84,73,74,86,75,72,82,92,85,69,85,68,91,60,80,70,62,86,Gonzalo Higuaín,70,82,50,58,20
65,88,84,90,89,58,64,63,23,76,67,75,40,63,44,58,46,46,49,82,48,47,84,Képler Laveran Lima Ferreira,57,56,94,61,88
93,25,63,22,27,93,74,92,79,59,82,87,84,79,82,90,80,80,90,57,86,79,85,Eden Hazard,86,82,54,78,41
77,66,58,73,80,86,83,93,74,67,92,71,79,73,79,92,78,71,94,55,90,77,88,Luka Modrić,80,82,62,83,76
69,92,91,90,92,56,69,61,45,89,55,78,28,78,60,55,56,33,69,80,50,31,78,Giorgio Chiellini,50,49,90,55,88
62,87,80,89,86,53,69,63,47,89,79,67,48,67,49,76,55,42,58,92,52,51,85,Diego Godín,50,43,86,70,88
TotalIGS,Dribbling,WeakFoot,BeastRating,Nation,AttackerRating,StrongFoot,CreatorRating,SkillMoves,League,Name,TotalStats,Age,Pace,Workrates,Position,Passing,Rating,HeadingRating,Height,DefenderRating,Club,Defending,Shooting,Physical
2166,91,4,87,Portugal,92,Right,79,5,LaLiga Santander,RONALDO,469,31,92,High / Low,LW,81,94,89,"185cm | 6'0""",38,Real Madrid CF,33,92,80
1880,65,3,83,Belgium,56,Right,63,2,Premier League,KOMPANY,417,30,69,Medium / Medium,CB,62,86,83,"192cm | 6'3""",85,Manchester City,86,54,81
TotalIGS,Dribbling,WeakFoot,BeastRating,Nation,AttackerRating,StrongFoot,CreatorRating,SkillMoves,League,Name,TotalStats,Age,Pace,Workrates,Position,Passing,Rating,HeadingRating,Height,DefenderRating,Club,Defending,Shooting,Physical
2166,91,4,87,Portugal,92,Right,79,5,LaLiga Santander,RONALDO,469,31,92,High / Low,LW,81,94,89,"185cm | 6'0""",38,Real Madrid CF,33,92,80
2055,85,4,86,Sweden,88,Right,79,4,Premier League,IBRAHIMOVIĆ,445,34,72,Medium / Low,ST,81,90,81,"195cm | 6'4""",38,Manchester United,31,90,86
2060,85,4,86,Poland,86,Right,72,3,Bundesliga,LEWANDOWSKI,447,28,81,Medium / Medium,ST,74,90,84,"185cm | 6'0""",42,FC Bayern München,38,87,82
1970,68,4,87,Germany,57,Right,75,2,Bundesliga,BOATENG,444,28,79,Medium / Medium,CB,72,90,85,"192cm | 6'3""",89,FC Bayern München,90,50,85
2099,96,4,79,Argentina,91,Left,86,4,LaLiga Santander,MESSI,448,29,89,Medium / Medium,RW,86,93,69,"170cm | 5'6""",33,FC Barcelona,26,90,61
2134,87,4,83,Uruguay,89,Right,75,4,LaLiga Santander,SUÁREZ,459,29,82,High / Medium,ST,79,92,76,"182cm | 5'11""",47,FC Barcelona,42,90,79
2010,89,4,85,Argentina,88,Right,72,4,Premier League,AGÜERO,434,28,89,High / Medium,ST,75,89,73,"172cm | 5'7""",29,Manchester City,23,88,70
2018,95,5,77,Brazil,85,Right,77,5,LaLiga Santander,NEYMAR,434,24,91,High / Medium,LW,78,92,65,"174cm | 5'8""",36,FC Barcelona,30,84,56
2204,86,3,89,Wales,88,Left,83,4,LaLiga Santander,BALE,484,27,94,High / Medium,RW,84,90,81,"183cm | 6'0""",60,Real Madrid CF,57,87,76
2029,91,4,82,Belgium,83,Right,81,4,Premier League,HAZARD,440,25,90,High / Medium,LM,82,88,63,"173cm | 5'8""",37,Chelsea,32,81,64
2251,87,4,88,France,84,Right,83,5,Premier League,POGBA,486,23,77,High / Medium,"CM,CM,CDM",83,"88,89,89",82,"191cm | 6'3""",75,Manchester United,72,80,87
2095,70,3,83,Spain,63,Right,70,3,LaLiga Santander,RAMOS,451,30,78,High / Medium,CB,70,89,87,"183cm | 6'0""",86,Real Madrid CF,87,63,83
2099,73,3,82,Brazil,63,Right,75,3,Ligue 1,SILVA,446,32,74,High / High,CB,73,89,86,"183cm | 6'0""",88,Paris Saint-Germain,90,57,79
2054,79,5,72,Germany,81,Right,89,3,LaLiga Santander,KROOS,431,26,45,Medium / Medium,CM,88,88,56,"182cm | 5'11""",71,Real Madrid CF,69,80,70
2066,84,4,81,Belgium,83,Right,86,4,Premier League,DE BRUYNE,445,25,77,High / Medium,"CAM,CM",86,"88,89",66,"181cm | 5'11""",48,Manchester City,40,83,75
2036,87,3,80,France,85,Left,77,4,LaLiga Santander,GRIEZMANN,433,25,86,High / Medium,ST,78,88,79,"176cm | 5'9""",33,Atlético Madrid,30,85,67
2098,86,5,76,Spain,81,Right,85,4,Premier League,CAZORLA,441,31,71,Medium / Medium,CAM,85,86,65,"168cm | 5'6""",58,Arsenal,57,78,64
2154,83,3,83,Spain,72,Left,74,3,LaLiga Santander,ALBA,476,27,93,High / Medium,LB,75,86,71,"170cm | 5'6""",81,FC Barcelona,81,69,75
2024,80,4,89,Gabon,82,Right,72,3,Bundesliga,AUBAMEYANG,443,27,96,High / Low,ST,75,86,80,"187cm | 6'1""",43,Borussia Dortmund,37,84,71
1781,63,3,82,Italy,42,Right,59,2,Calcio A,BARZAGLI,398,35,74,Low / High,CB,56,86,82,"187cm | 6'1""",89,Juventus,89,37,79
2159,84,4,84,Brazil,73,Left,79,4,LaLiga Santander,MARCELO,474,28,79,High / Medium,LB,80,86,73,"174cm | 5'8""",83,Real Madrid CF,82,69,80
1904,64,3,78,Spain,59,Right,74,2,LaLiga Santander,PIQUÉ,418,29,61,High / Medium,CB,70,86,83,"193cm | 6'3""",85,FC Barcelona,86,61,76
2044,87,4,82,France,80,Right,86,4,Premier League,PAYET,441,29,77,High / Medium,LM,87,86,60,"175cm | 5'8""",48,West Ham United,42,78,70
1831,64,3,82,Brazil,52,Right,60,2,Calcio A,MIRANDA,410,32,75,Medium / Medium,CB,56,86,84,"186cm | 6'1""",87,Inter,89,49,77
2194,83,4,82,Italy,78,Right,84,4,Calcio A,MARCHISIO,468,30,77,High / High,CM,83,86,71,"180cm | 5'10""",77,Juventus,76,74,75
1990,71,3,80,Germany,60,Right,76,2,Bundesliga,HUMMELS,432,27,64,High / Medium,"CB,CB",74,"87,87",83,"191cm | 6'3""",87,FC Bayern München,88,58,77
2028,90,2,82,Netherlands,86,Left,78,4,Bundesliga,ROBBEN,436,32,86,High / Low,RM,81,87,64,"180cm | 5'10""",39,FC Bayern München,32,85,62
1970,69,3,82,Italy,56,Right,72,2,Calcio A,BONUCCI,428,29,70,Medium / High,CB,68,87,86,"190cm | 6'2""",86,Juventus,87,53,81
2271,79,4,83,Chile,81,Right,81,3,Bundesliga,VIDAL,485,29,77,High / High,CM,80,87,81,"180cm | 5'10""",84,FC Bayern München,84,81,84
2074,81,3,74,Spain,77,Right,90,3,Premier League,FÀBREGAS,435,29,63,High / Medium,CM,89,86,72,"175cm | 5'8""",62,Chelsea,61,77,64
2091,88,3,82,Chile,83,Right,78,4,Premier League,SÁNCHEZ,448,27,86,High / High,"LW,ST",79,"87,88",73,"169cm | 5'6""",44,Arsenal,39,82,74
2034,78,4,80,Germany,84,Right,75,3,Bundesliga,MÜLLER,434,27,78,High / High,CF,77,87,83,"186cm | 6'1""",50,FC Bayern München,46,83,72
1964,74,3,70,Spain,65,Right,80,3,LaLiga Santander,BUSQUETS,418,28,42,Medium / Medium,CDM,79,87,74,"189cm | 6'2""",83,FC Barcelona,83,59,81
2076,82,3,75,Croatia,83,Right,87,3,LaLiga Santander,RAKITIĆ,443,28,66,Medium / Medium,CM,86,87,61,"184cm | 6'0""",62,FC Barcelona,59,84,66
2100,87,2,82,Argentina,82,Left,84,5,Ligue 1,DI MARÍA,454,28,87,High / Medium,RW,84,87,68,"180cm | 5'10""",52,Paris Saint-Germain,47,79,70
2239,83,4,83,Austria,77,Left,81,3,Bundesliga,ALABA,479,24,86,High / Medium,LB,81,87,79,"180cm | 5'10""",82,FC Bayern München,83,73,73
1920,82,4,84,France,83,Right,71,4,LaLiga Santander,BENZEMA,420,28,81,Medium / Low,ST,77,87,78,"187cm | 6'1""",28,Real Madrid CF,22,84,74
1953,87,2,72,Spain,76,Left,85,4,Premier League,SILVA,404,30,68,High / Low,CAM,87,87,63,"170cm | 5'6""",38,Manchester City,32,72,58
1880,65,3,83,Belgium,56,Right,63,2,Premier League,KOMPANY,417,30,69,Medium / Medium,CB,62,86,83,"192cm | 6'3""",85,Manchester City,86,54,81
1962,64,3,82,Belgium,63,Right,73,2,Premier League,ALDERWEIRELD,423,27,66,Medium / Medium,"CB,CB",70,"85,86",83,"186cm | 6'1""",84,Tottenham Hotspur,86,58,79
2061,85,3,81,Colombia,85,Left,84,4,LaLiga Santander,RODRÍGUEZ,439,25,76,Medium / Medium,CAM,85,87,65,"180cm | 5'10""",45,Real Madrid CF,40,85,68
1921,87,4,78,Brazil,78,Right,81,4,Premier League,COUTINHO,414,24,82,High / Medium,CAM,82,85,59,"171cm | 5'7""",38,Liverpool,33,74,56
2030,84,3,86,France,82,Right,73,4,Ligue 1,LACAZETTE,437,25,86,High / High,ST,75,85,76,"175cm | 5'8""",40,Olympique Lyonnais,34,82,76
1899,88,4,78,Algeria,79,Left,79,5,Premier League,MAHREZ,415,25,82,Medium / Medium,RM,80,85,61,"179cm | 5'10""",35,Leicester City,30,77,58
2087,77,3,82,Brazil,67,Left,77,3,LaLiga Santander,LUÍS,457,31,80,High / Medium,"LB,LB",77,"85,86",70,"182cm | 5'11""",82,Atlético Madrid,82,62,79
1977,69,3,78,Argentina,58,Right,73,2,LaLiga Santander,MASCHERANO,424,32,66,Medium / High,CB,71,85,72,"174cm | 5'8""",85,FC Barcelona,85,53,80
1990,86,2,76,Argentina,76,Left,82,4,LaLiga Santander,GAITÁN,422,28,82,Medium / Medium,"LM,LM",83,"85,85",65,"173cm | 5'8""",44,Atlético Madrid,39,74,58
1908,77,4,87,Spain,81,Right,60,3,Premier League,COSTA,425,27,75,High / Medium,"ST,ST",63,"85,86",76,"188cm | 6'2""",45,Chelsea,40,82,88
2023,79,3,82,Uruguay,82,Right,66,3,Ligue 1,CAVANI,431,29,76,High / Medium,"ST,ST",71,"85,86",86,"184cm | 6'0""",44,Paris Saint-Germain,42,83,80
2058,83,4,84,Portugal,76,Right,81,3,LaLiga Santander,GOMES,455,23,69,Medium / Medium,CM,80,84,71,"188cm | 6'2""",73,FC Barcelona,71,71,81
1867,61,2,81,France,55,Left,68,2,LaLiga Santander,LAPORTE,406,22,65,Medium / Medium,CB,66,84,83,"189cm | 6'2""",85,Athletic Club de Bilbao,86,50,78
1861,53,3,82,Argentina,56,Right,59,2,Premier League,OTAMENDI,404,28,72,Medium / Medium,CB,56,85,86,"183cm | 6'0""",84,Manchester City,85,56,82
2103,87,5,81,Armenia,81,Right,80,4,Premier League,MKHITARYAN,453,27,83,High / High,RM,81,85,67,"177cm | 5'9""",59,Manchester United,55,77,70
2080,87,4,72,Italy,66,Right,85,4,Ligue 1,VERRATTI,442,23,68,High / High,"CM,CM",83,"85,86",61,"165cm | 5'4""",77,Paris Saint-Germain,78,58,68
2051,86,4,79,Argentina,79,Right,84,4,Ligue 1,PASTORE,447,27,74,High / Medium,CM,84,85,66,"187cm | 6'1""",60,Paris Saint-Germain,58,77,68
1991,90,3,83,Argentina,86,Left,71,4,Calcio A,DYBALA,429,22,88,Medium / Medium,ST,76,85,71,"176cm | 5'9""",30,Juventus,23,86,66
2106,87,4,81,Germany,76,Right,84,4,Premier League,GÜNDOĞAN,453,25,75,High / Medium,CM,84,85,63,"180cm | 5'10""",68,Manchester City,63,72,72
2027,75,4,69,Spain,74,Right,88,2,Bundesliga,ALONSO,412,34,33,Low / Medium,CDM,87,84,67,"183cm | 6'0""",76,FC Bayern München,76,70,71
2117,86,4,79,Turkey,78,Right,83,4,LaLiga Santander,TURAN,449,29,72,High / High,CM,83,84,75,"177cm | 5'9""",63,FC Barcelona,61,74,73
1873,81,2,85,Colombia,80,Right,61,3,Calcio A,BACCA,409,30,85,Medium / Low,ST,64,84,77,"181cm | 5'11""",31,Milan,24,81,74
1873,89,4,76,Germany,74,Right,74,4,Bundesliga,GÖTZE,399,24,70,Medium / Medium,CAM,78,84,62,"176cm | 5'9""",39,Borussia Dortmund,31,70,61
2139,77,4,88,Ivory Coast,82,Right,81,3,Premier League,TOURÉ,468,33,74,Medium / Low,CM,81,84,76,"189cm | 6'2""",72,Manchester City,69,83,84
2082,72,3,84,Serbia,71,Left,78,3,Premier League,MATIĆ,454,28,67,Medium / High,CDM,76,84,80,"194cm | 6'4""",82,Chelsea,81,70,88
1828,60,3,87,Greece,55,Right,58,2,Bundesliga,SOKRATIS,412,28,78,Medium / Medium,CB,55,84,84,"186cm | 6'1""",84,Borussia Dortmund,85,51,83
1912,65,3,78,Spain,63,Right,73,2,Bundesliga,MARTINEZ,410,28,52,Medium / Medium,CB,70,84,82,"190cm | 6'2""",84,FC Bayern München,84,61,78
1926,62,4,85,Brazil,69,Right,65,2,Bundesliga,NALDO,427,34,72,High / Medium,CB,64,84,78,"198cm | 6'5""",85,FC Schalke 04,86,69,74
1941,85,3,70,Spain,77,Left,82,3,Premier League,MATA,398,28,68,Medium / Medium,CAM,84,84,68,"170cm | 5'6""",35,Manchester United,32,75,54
1880,81,2,86,England,83,Left,68,3,Premier League,STURRIDGE,417,27,89,Medium / Low,ST,69,84,78,"188cm | 6'2""",30,Liverpool,25,83,70
2102,81,3,79,Wales,79,Right,81,3,Premier League,RAMSEY,451,25,69,High / High,CM,80,84,66,"177cm | 5'9""",70,Arsenal,68,77,76
1931,76,3,83,Spain,82,Right,62,3,LaLiga Santander,ADURIZ,418,35,70,High / Medium,ST,64,84,89,"182cm | 5'11""",49,Athletic Club de Bilbao,46,83,79
1973,78,3,85,England,82,Right,69,3,Premier League,KANE,429,23,73,High / High,ST,71,84,80,"188cm | 6'2""",46,Tottenham Hotspur,42,84,81
1829,65,3,79,Germany,51,Right,65,2,Bundesliga,HÖWEDES,402,28,65,Medium / Medium,CB,63,84,84,"187cm | 6'1""",83,FC Schalke 04,84,47,78
1991,84,5,77,Brazil,84,Right,76,3,Liga NOS,JONAS,419,32,72,High / Medium,"ST,ST",78,"84,87",77,"181cm | 5'11""",38,SL Benfica,35,85,65
1897,64,3,78,Argentina,59,Right,69,2,LaLiga Santander,GARAY,409,29,52,Medium / Medium,CB,68,84,81,"188cm | 6'2""",85,Valencia CF,87,57,81
1954,86,5,81,Germany,82,Right,79,4,Bundesliga,DRAXLER,420,23,77,Medium / Low,CAM,80,84,76,"187cm | 6'1""",39,VfL Wolfsburg,34,79,64
1925,74,4,78,Portugal,64,Right,78,3,Liga NOS,CARVALHO,428,24,54,Medium / High,CDM,74,84,76,"187cm | 6'1""",81,Sporting CP,82,59,85
1983,86,4,81,Brazil,78,Right,79,4,Premier League,WILLIAN,442,28,89,High / High,RM,80,85,50,"175cm | 5'8""",56,Chelsea,50,74,63
1960,72,4,76,Switzerland,74,Left,83,3,Premier League,XHAKA,419,23,51,Medium / Medium,CM,81,84,60,"185cm | 6'0""",74,Arsenal,72,66,77
1893,74,4,91,Belgium,81,Left,64,3,Premier League,LUKAKU,422,23,82,Medium / Medium,ST,66,84,81,"190cm | 6'2""",39,Everton,34,82,84
2048,82,4,81,Spain,79,Right,86,3,LaLiga Santander,KOKE,442,24,71,High / High,CM,85,84,67,"178cm | 5'10""",59,Atlético Madrid,55,75,74
2094,82,4,80,Slovakia,79,Right,83,3,Calcio A,HAMŠIK,452,29,76,High / Medium,CM,83,85,76,"183cm | 6'0""",65,Napoli,64,78,69
1967,84,5,75,Denmark,79,Right,83,4,Premier League,ERIKSEN,423,24,76,High / Medium,CAM,84,84,62,"177cm | 5'9""",45,Tottenham Hotspur,44,76,59
2138,76,2,83,France,70,Left,79,2,Ligue 1,MATUIDI,467,29,79,High / High,CDM,78,86,77,"175cm | 5'8""",84,Paris Saint-Germain,83,67,84
2152,82,3,81,Brazil,73,Right,76,3,Calcio A,ALVES,462,33,87,High / Low,RB,76,85,73,"172cm | 5'7""",78,Juventus,78,70,69
2056,90,4,74,Spain,77,Right,88,4,LaLiga Santander,INIESTA,441,32,73,High / Medium,CM,87,88,59,"171cm | 5'7""",62,FC Barcelona,59,72,60
2092,86,4,83,Germany,85,Right,82,4,Bundesliga,REUS,448,27,90,Medium / Medium,LM,84,88,67,"180cm | 5'10""",47,Borussia Dortmund,40,85,63
2105,84,3,72,Germany,64,Right,82,3,Bundesliga,LAHM,440,32,68,Medium / High,RB,82,88,68,"170cm | 5'6""",87,FC Bayern München,86,56,64
1936,90,4,79,France,79,Right,81,5,Bundesliga,RIBÉRY,415,33,82,High / Medium,LM,83,86,53,"170cm | 5'6""",34,FC Bayern München,25,76,59
1817,65,3,80,France,45,Right,65,2,Premier League,KOSCIELNY,408,31,78,Medium / High,CB,62,85,85,"186cm | 6'1""",83,Arsenal,85,40,78
2123,84,4,78,Bosnia Herzegovina,78,Right,86,4,Calcio A,PJANIĆ,451,26,74,Medium / Medium,"CM,CM",86,"85,85",67,"180cm | 5'10""",66,Juventus,64,75,68
1805,59,3,81,Portugal,52,Right,58,2,LaLiga Santander,PEPE,404,33,70,Medium / High,CB,56,88,82,"188cm | 6'2""",87,Real Madrid CF,88,50,81
1885,86,2,73,Germany,78,Left,86,4,Premier League,ÖZIL,400,27,72,Medium / Low,CAM,86,89,63,"183cm | 6'0""",30,Arsenal,24,74,58
1883,63,3,78,Uruguay,52,Right,67,2,LaLiga Santander,GODÍN,408,30,65,Medium / High,CB,65,88,88,"185cm | 6'0""",86,Atlético Madrid,88,48,79
2179,89,4,74,Croatia,78,Right,86,4,LaLiga Santander,MODRIĆ,462,31,74,High / Medium,CM,86,89,65,"174cm | 5'8""",73,Real Madrid CF,72,75,66
1837,58,2,85,Italy,49,Left,54,2,Calcio A,CHIELLINI,406,32,74,Low / High,CB,53,88,85,"187cm | 6'1""",89,Juventus,90,46,85
1889,82,4,86,Argentina,86,Right,66,3,Calcio A,HIGUAÍN,415,28,80,High / Medium,"ST,ST,ST",68,"88,89,89",79,"184cm | 6'0""",31,Juventus,24,87,74
